VRT	VT1	VT2
HYPESKULLS_VRT_0830	HYPESKULLS_VT_R_C	HYPESKULLS_VT_R_C
HYPESKULLS_VRT_1196	HYPESKULLS_VT_R_C	HYPESKULLS_VT_R_C
HYPESKULLS_VRT_0095	HYPESKULLS_VT_R_C	HYPESKULLS_VT_R_C
HYPESKULLS_VRT_0088	HYPESKULLS_VT_R_C	HYPESKULLS_VT_R_C
HYPESKULLS_VRT_0582	HYPESKULLS_VT_R_C	HYPESKULLS_VT_R_C
HYPESKULLS_VRT_0090	HYPESKULLS_VT_R_C	HYPESKULLS_VT_R_C
HYPESKULLS_VRT_0907	HYPESKULLS_VT_R_C	HYPESKULLS_VT_R_C
HYPESKULLS_VRT_0085	HYPESKULLS_VT_R_C	HYPESKULLS_VT_R_C
HYPESKULLS_VRT_0395	HYPESKULLS_VT_R_C	HYPESKULLS_VT_R_C
HYPESKULLS_VRT_0837	HYPESKULLS_VT_R_C	HYPESKULLS_VT_R_C
HYPESKULLS_VRT_0971	HYPESKULLS_VT_R_C	HYPESKULLS_VT_R_C
HYPESKULLS_VRT_0581	HYPESKULLS_VT_AD_C	HYPESKULLS_VT_AD_C
HYPESKULLS_VRT_0745	HYPESKULLS_VT_R_C	HYPESKULLS_VT_R_C
HYPESKULLS_VRT_1127	HYPESKULLS_VT_AD_C	HYPESKULLS_VT_R_C
HYPESKULLS_VRT_0167	HYPESKULLS_VT_R_C	HYPESKULLS_VT_AD_C
HYPESKULLS_VRT_0068	HYPESKULLS_VT_R_C	HYPESKULLS_VT_R_C
HYPESKULLS_VRT_0832	HYPESKULLS_VT_R_C	HYPESKULLS_VT_R_C
HYPESKULLS_VRT_0465	HYPESKULLS_VT_R_C	HYPESKULLS_VT_AD_C
HYPESKULLS_VRT_0674	HYPESKULLS_VT_AD_C	HYPESKULLS_VT_R_C
HYPESKULLS_VRT_1351	HYPESKULLS_VT_R_C	HYPESKULLS_VT_AD_C
HYPESKULLS_VRT_1150	HYPESKULLS_VT_R_C	HYPESKULLS_VT_R_C
HYPESKULLS_VRT_1025	HYPESKULLS_VT_R_C	HYPESKULLS_VT_AD_C
HYPESKULLS_VRT_1118	HYPESKULLS_VT_R_C	HYPESKULLS_VT_R_C
HYPESKULLS_VRT_1315	HYPESKULLS_VT_AD_C	HYPESKULLS_VT_R_C
HYPESKULLS_VRT_0857	HYPESKULLS_VT_AD_C	HYPESKULLS_VT_R_C
HYPESKULLS_VRT_0122	HYPESKULLS_VT_AD_C	HYPESKULLS_VT_AD_C
HYPESKULLS_VRT_1211	HYPESKULLS_VT_R_C	HYPESKULLS_VT_R_C
HYPESKULLS_VRT_0942	HYPESKULLS_VT_R_C	HYPESKULLS_VT_R_C
HYPESKULLS_VRT_1241	HYPESKULLS_VT_R_C	HYPESKULLS_VT_R_C
HYPESKULLS_VRT_0155	HYPESKULLS_VT_R_C	HYPESKULLS_VT_R_C
HYPESKULLS_VRT_0106	HYPESKULLS_VT_R_C	HYPESKULLS_VT_R_C
HYPESKULLS_VRT_0408	HYPESKULLS_VT_R_C	HYPESKULLS_VT_AD_C
HYPESKULLS_VRT_0608	HYPESKULLS_VT_R_C	HYPESKULLS_VT_AD_C
HYPESKULLS_VRT_1096	HYPESKULLS_VT_R_C	HYPESKULLS_VT_R_C
HYPESKULLS_VRT_0029	HYPESKULLS_VT_G_C	HYPESKULLS_VT_R_C
HYPESKULLS_VRT_0570	HYPESKULLS_VT_AD_C	HYPESKULLS_VT_AD_C
HYPESKULLS_VRT_0826	HYPESKULLS_VT_R_C	HYPESKULLS_VT_AD_C
HYPESKULLS_VRT_0939	HYPESKULLS_VT_G_C	HYPESKULLS_VT_R_C
HYPESKULLS_VRT_0081	HYPESKULLS_VT_G_C	HYPESKULLS_VT_G_C
HYPESKULLS_VRT_0241	HYPESKULLS_VT_R_C	HYPESKULLS_VT_G_C
HYPESKULLS_VRT_0520	HYPESKULLS_VT_G_C	HYPESKULLS_VT_G_C
HYPESKULLS_VRT_0042	HYPESKULLS_VT_G_C	HYPESKULLS_VT_R_C
HYPESKULLS_VRT_0872	HYPESKULLS_VT_G_C	HYPESKULLS_VT_G_C
HYPESKULLS_VRT_1430	HYPESKULLS_VT_AD_C	HYPESKULLS_VT_AD_C
HYPESKULLS_VRT_0376	HYPESKULLS_VT_AD_C	HYPESKULLS_VT_G_C
HYPESKULLS_VRT_0274	HYPESKULLS_VT_AD_C	HYPESKULLS_VT_AD_C
HYPESKULLS_VRT_0291	HYPESKULLS_VT_AD_C	HYPESKULLS_VT_R_C
HYPESKULLS_VRT_1336	HYPESKULLS_VT_R_C	HYPESKULLS_VT_R_C
HYPESKULLS_VRT_1093	HYPESKULLS_VT_AD_C	HYPESKULLS_VT_G_C
HYPESKULLS_VRT_0735	HYPESKULLS_VT_AD_C	HYPESKULLS_VT_R_C
HYPESKULLS_VRT_1155	HYPESKULLS_VT_G_C	HYPESKULLS_VT_AD_C
HYPESKULLS_VRT_0869	HYPESKULLS_VT_G_C	HYPESKULLS_VT_G_C
HYPESKULLS_VRT_0761	HYPESKULLS_VT_G_C	HYPESKULLS_VT_AD_C
HYPESKULLS_VRT_1044	HYPESKULLS_VT_AD_C	HYPESKULLS_VT_G_C
HYPESKULLS_VRT_0734	HYPESKULLS_VT_G_C	HYPESKULLS_VT_R_C
HYPESKULLS_VRT_0698	HYPESKULLS_VT_AD_C	HYPESKULLS_VT_AD_C
HYPESKULLS_VRT_1457	HYPESKULLS_VT_G_C	HYPESKULLS_VT_R_C
HYPESKULLS_VRT_0663	HYPESKULLS_VT_R_C	HYPESKULLS_VT_R_C
HYPESKULLS_VRT_1277	HYPESKULLS_VT_G_C	HYPESKULLS_VT_R_C
HYPESKULLS_VRT_0904	HYPESKULLS_VT_R_C	HYPESKULLS_VT_AD_C
HYPESKULLS_VRT_0236	HYPESKULLS_VT_G_C	HYPESKULLS_VT_AD_C
HYPESKULLS_VRT_1043	HYPESKULLS_VT_R_C	HYPESKULLS_VT_AD_C
HYPESKULLS_VRT_1485	HYPESKULLS_VT_R_C	HYPESKULLS_VT_G_C
HYPESKULLS_VRT_0425	HYPESKULLS_VT_AD_C	HYPESKULLS_VT_G_C
HYPESKULLS_VRT_1212	HYPESKULLS_VT_V_C	HYPESKULLS_VT_R_C
HYPESKULLS_VRT_0198	HYPESKULLS_VT_G_C	HYPESKULLS_VT_R_C
HYPESKULLS_VRT_0532	HYPESKULLS_VT_G_C	HYPESKULLS_VT_V_C
HYPESKULLS_VRT_1460	HYPESKULLS_VT_AD_C	HYPESKULLS_VT_R_C
HYPESKULLS_VRT_0901	HYPESKULLS_VT_G_C	HYPESKULLS_VT_G_C
HYPESKULLS_VRT_1016	HYPESKULLS_VT_R_C	HYPESKULLS_VT_R_C
HYPESKULLS_VRT_0411	HYPESKULLS_VT_AD_C	HYPESKULLS_VT_V_C
HYPESKULLS_VRT_1188	HYPESKULLS_VT_V_C	HYPESKULLS_VT_R_C
HYPESKULLS_VRT_0105	HYPESKULLS_VT_V_C	HYPESKULLS_VT_V_C
HYPESKULLS_VRT_0404	HYPESKULLS_VT_AD_C	HYPESKULLS_VT_G_C
HYPESKULLS_VRT_0188	HYPESKULLS_VT_AD_C	HYPESKULLS_VT_G_C
HYPESKULLS_VRT_1454	HYPESKULLS_VT_V_C	HYPESKULLS_VT_V_C
HYPESKULLS_VRT_1419	HYPESKULLS_VT_R_C	HYPESKULLS_VT_AD_C
HYPESKULLS_VRT_0680	HYPESKULLS_VT_V_C	HYPESKULLS_VT_G_C
HYPESKULLS_VRT_0479	HYPESKULLS_VT_G_C	HYPESKULLS_VT_AD_C
HYPESKULLS_VRT_1385	HYPESKULLS_VT_G_C	HYPESKULLS_VT_G_C
HYPESKULLS_VRT_0383	HYPESKULLS_VT_R_C	HYPESKULLS_VT_V_C
HYPESKULLS_VRT_1248	HYPESKULLS_VT_G_C	HYPESKULLS_VT_G_C
HYPESKULLS_VRT_0966	HYPESKULLS_VT_G_C	HYPESKULLS_VT_N_C
HYPESKULLS_VRT_1091	HYPESKULLS_VT_N_C	HYPESKULLS_VT_G_C
HYPESKULLS_VRT_1071	HYPESKULLS_VT_AD_C	HYPESKULLS_VT_N_C
HYPESKULLS_VRT_0460	HYPESKULLS_VT_V_C	HYPESKULLS_VT_G_C
HYPESKULLS_VRT_1442	HYPESKULLS_VT_AD_C	HYPESKULLS_VT_AD_C
HYPESKULLS_VRT_1017	HYPESKULLS_VT_R_C	HYPESKULLS_VT_V_C
HYPESKULLS_VRT_0961	HYPESKULLS_VT_R_C	HYPESKULLS_VT_V_C
HYPESKULLS_VRT_1271	HYPESKULLS_VT_R_C	HYPESKULLS_VT_V_C
HYPESKULLS_VRT_0099	HYPESKULLS_VT_G_C	HYPESKULLS_VT_AD_C
HYPESKULLS_VRT_0621	HYPESKULLS_VT_R_C	HYPESKULLS_VT_AD_C
HYPESKULLS_VRT_0197	HYPESKULLS_VT_R_C	HYPESKULLS_VT_R_C
HYPESKULLS_VRT_0805	HYPESKULLS_VT_N_C	HYPESKULLS_VT_V_C
HYPESKULLS_VRT_0893	HYPESKULLS_VT_V_C	HYPESKULLS_VT_AD_C
HYPESKULLS_VRT_0507	HYPESKULLS_VT_V_C	HYPESKULLS_VT_V_C
HYPESKULLS_VRT_0678	HYPESKULLS_VT_V_C	HYPESKULLS_VT_G_C
HYPESKULLS_VRT_0945	HYPESKULLS_VT_G_C	HYPESKULLS_VT_G_C
HYPESKULLS_VRT_1312	HYPESKULLS_VT_G_C	HYPESKULLS_VT_V_C
HYPESKULLS_VRT_1149	HYPESKULLS_VT_AD_C	HYPESKULLS_VT_N_C
HYPESKULLS_VRT_0359	HYPESKULLS_VT_G_C	HYPESKULLS_VT_V_C
HYPESKULLS_VRT_0848	HYPESKULLS_VT_N_C	HYPESKULLS_VT_V_C
HYPESKULLS_VRT_1383	HYPESKULLS_VT_N_C	HYPESKULLS_VT_G_C
HYPESKULLS_VRT_0565	HYPESKULLS_VT_AD_C	HYPESKULLS_VT_R_C
HYPESKULLS_VRT_0315	HYPESKULLS_VT_R_C	HYPESKULLS_VT_V_C
HYPESKULLS_VRT_0833	HYPESKULLS_VT_G_C	HYPESKULLS_VT_N_C
HYPESKULLS_VRT_1159	HYPESKULLS_VT_G_C	HYPESKULLS_VT_N_C
HYPESKULLS_VRT_1256	HYPESKULLS_VT_R_C	HYPESKULLS_VT_N_C
HYPESKULLS_VRT_1069	HYPESKULLS_VT_AD_C	HYPESKULLS_VT_N_C
HYPESKULLS_VRT_0539	HYPESKULLS_VT_AD_C	HYPESKULLS_VT_N_C
HYPESKULLS_VRT_0529	HYPESKULLS_VT_V_C	HYPESKULLS_VT_AD_C
HYPESKULLS_VRT_1235	HYPESKULLS_VT_G_C	HYPESKULLS_VT_N_C
HYPESKULLS_VRT_0444	HYPESKULLS_VT_V_C	HYPESKULLS_VT_V_C
HYPESKULLS_VRT_1438	HYPESKULLS_VT_R_C	HYPESKULLS_VT_V_C
HYPESKULLS_VRT_1325	HYPESKULLS_VT_AD_C	HYPESKULLS_VT_G_C
HYPESKULLS_VRT_1164	HYPESKULLS_VT_V_C	HYPESKULLS_VT_N_C
HYPESKULLS_VRT_1011	HYPESKULLS_VT_V_C	HYPESKULLS_VT_AD_C
HYPESKULLS_VRT_0963	HYPESKULLS_VT_R_C	HYPESKULLS_VT_G_C
HYPESKULLS_VRT_0666	HYPESKULLS_VT_AD_C	HYPESKULLS_VT_V_C
HYPESKULLS_VRT_1362	HYPESKULLS_VT_V_C	HYPESKULLS_VT_K_C
HYPESKULLS_VRT_0732	HYPESKULLS_VT_AD_C	HYPESKULLS_VT_V_C
HYPESKULLS_VRT_1038	HYPESKULLS_VT_N_C	HYPESKULLS_VT_N_C
HYPESKULLS_VRT_1331	HYPESKULLS_VT_N_C	HYPESKULLS_VT_N_C
HYPESKULLS_VRT_0267	HYPESKULLS_VT_V_C	HYPESKULLS_VT_N_C
HYPESKULLS_VRT_1200	HYPESKULLS_VT_G_C	HYPESKULLS_VT_N_C
HYPESKULLS_VRT_0351	HYPESKULLS_VT_AD_C	HYPESKULLS_VT_K_C
HYPESKULLS_VRT_0849	HYPESKULLS_VT_AD_C	HYPESKULLS_VT_AD_C
HYPESKULLS_VRT_0206	HYPESKULLS_VT_AD_C	HYPESKULLS_VT_K_C
HYPESKULLS_VRT_0060	HYPESKULLS_VT_K_C	HYPESKULLS_VT_R_C
HYPESKULLS_VRT_1285	HYPESKULLS_VT_K_C	HYPESKULLS_VT_AD_C
HYPESKULLS_VRT_0809	HYPESKULLS_VT_V_C	HYPESKULLS_VT_V_C
HYPESKULLS_VRT_0406	HYPESKULLS_VT_N_C	HYPESKULLS_VT_K_C
HYPESKULLS_VRT_0057	HYPESKULLS_VT_V_C	HYPESKULLS_VT_AD_C
HYPESKULLS_VRT_0125	HYPESKULLS_VT_K_C	HYPESKULLS_VT_N_C
HYPESKULLS_VRT_0576	HYPESKULLS_VT_G_C	HYPESKULLS_VT_K_C
HYPESKULLS_VRT_0671	HYPESKULLS_VT_R_C	HYPESKULLS_VT_AD_C
HYPESKULLS_VRT_0954	HYPESKULLS_VT_V_C	HYPESKULLS_VT_R_C
HYPESKULLS_VRT_0804	HYPESKULLS_VT_G_C	HYPESKULLS_VT_G_C
HYPESKULLS_VRT_0232	HYPESKULLS_VT_N_C	HYPESKULLS_VT_K_C
HYPESKULLS_VRT_0234	HYPESKULLS_VT_N_C	HYPESKULLS_VT_N_C
HYPESKULLS_VRT_0378	HYPESKULLS_VT_R_C	HYPESKULLS_VT_G_C
HYPESKULLS_VRT_0324	HYPESKULLS_VT_N_C	HYPESKULLS_VT_N_C
HYPESKULLS_VRT_0004	HYPESKULLS_VT_AD_C	HYPESKULLS_VT_R_C
HYPESKULLS_VRT_0343	HYPESKULLS_VT_R_C	HYPESKULLS_VT_V_C
HYPESKULLS_VRT_0994	HYPESKULLS_VT_K_C	HYPESKULLS_VT_AD_C
HYPESKULLS_VRT_0133	HYPESKULLS_VT_R_C	HYPESKULLS_VT_N_C
HYPESKULLS_VRT_0690	HYPESKULLS_VT_AD_C	HYPESKULLS_VT_N_C
HYPESKULLS_VRT_1309	HYPESKULLS_VT_AD_C	HYPESKULLS_VT_R_C
HYPESKULLS_VRT_0010	HYPESKULLS_VT_N_C	HYPESKULLS_VT_AD_C
HYPESKULLS_VRT_1265	HYPESKULLS_VT_G_C	HYPESKULLS_VT_AD_C
HYPESKULLS_VRT_1333	HYPESKULLS_VT_V_C	HYPESKULLS_VT_K_C
HYPESKULLS_VRT_1492	HYPESKULLS_VT_K_C	HYPESKULLS_VT_N_C
HYPESKULLS_VRT_0918	HYPESKULLS_VT_N_C	HYPESKULLS_VT_K_C
HYPESKULLS_VRT_0579	HYPESKULLS_VT_AD_C	HYPESKULLS_VT_K_C
HYPESKULLS_VRT_0817	HYPESKULLS_VT_G_C	HYPESKULLS_VT_R_C
HYPESKULLS_VRT_0046	HYPESKULLS_VT_N_C	HYPESKULLS_VT_AD_C
HYPESKULLS_VRT_0035	HYPESKULLS_VT_K_C	HYPESKULLS_VT_V_C
HYPESKULLS_VRT_1078	HYPESKULLS_VT_N_C	HYPESKULLS_VT_K_C
HYPESKULLS_VRT_0533	HYPESKULLS_VT_AD_C	HYPESKULLS_VT_V_C
HYPESKULLS_VRT_1229	HYPESKULLS_VT_K_C	HYPESKULLS_VT_V_C
HYPESKULLS_VRT_1345	HYPESKULLS_VT_V_C	HYPESKULLS_VT_R_C
HYPESKULLS_VRT_1019	HYPESKULLS_VT_R_C	HYPESKULLS_VT_V_C
HYPESKULLS_VRT_1472	HYPESKULLS_VT_G_C	HYPESKULLS_VT_V_C
HYPESKULLS_VRT_1380	HYPESKULLS_VT_N_C	HYPESKULLS_VT_N_C
HYPESKULLS_VRT_0974	HYPESKULLS_VT_K_C	HYPESKULLS_VT_V_C
HYPESKULLS_VRT_0427	HYPESKULLS_VT_AD_C	HYPESKULLS_VT_N_C
HYPESKULLS_VRT_1199	HYPESKULLS_VT_G_C	HYPESKULLS_VT_R_C
HYPESKULLS_VRT_1360	HYPESKULLS_VT_K_C	HYPESKULLS_VT_K_C
HYPESKULLS_VRT_0317	HYPESKULLS_VT_N_C	HYPESKULLS_VT_G_C
HYPESKULLS_VRT_0983	HYPESKULLS_VT_K_C	HYPESKULLS_VT_R_C
HYPESKULLS_VRT_0947	HYPESKULLS_VT_G_C	HYPESKULLS_VT_V_C
HYPESKULLS_VRT_0101	HYPESKULLS_VT_R_C	HYPESKULLS_VT_G_C
HYPESKULLS_VRT_0877	HYPESKULLS_VT_N_C	HYPESKULLS_VT_N_C
HYPESKULLS_VRT_0794	HYPESKULLS_VT_R_C	HYPESKULLS_VT_R_C
HYPESKULLS_VRT_0511	HYPESKULLS_VT_R_C	HYPESKULLS_VT_R_C
HYPESKULLS_VRT_0825	HYPESKULLS_VT_R_C	HYPESKULLS_VT_K_C
HYPESKULLS_VRT_1258	HYPESKULLS_VT_AD_C	HYPESKULLS_VT_R_C
HYPESKULLS_VRT_0056	HYPESKULLS_VT_AD_C	HYPESKULLS_VT_G_C
HYPESKULLS_VRT_1306	HYPESKULLS_VT_G_C	HYPESKULLS_VT_AD_C
HYPESKULLS_VRT_0758	HYPESKULLS_VT_K_C	HYPESKULLS_VT_AD_C
HYPESKULLS_VRT_0478	HYPESKULLS_VT_AD_C	HYPESKULLS_VT_G_C
HYPESKULLS_VRT_0611	HYPESKULLS_VT_N_C	HYPESKULLS_VT_AD_C
HYPESKULLS_VRT_0469	HYPESKULLS_VT_K_C	HYPESKULLS_VT_N_C
HYPESKULLS_VRT_1263	HYPESKULLS_VT_K_C	HYPESKULLS_VT_K_C
HYPESKULLS_VRT_0373	HYPESKULLS_VT_K_C	HYPESKULLS_VT_K_C
HYPESKULLS_VRT_0902	HYPESKULLS_VT_V_C	HYPESKULLS_VT_G_C
HYPESKULLS_VRT_1296	HYPESKULLS_VT_R_C	HYPESKULLS_VT_AD_C
HYPESKULLS_VRT_1182	HYPESKULLS_VT_V_C	HYPESKULLS_VT_R_C
HYPESKULLS_VRT_0729	HYPESKULLS_VT_N_C	HYPESKULLS_VT_K_C
HYPESKULLS_VRT_1101	HYPESKULLS_VT_AD_C	HYPESKULLS_VT_V_C
HYPESKULLS_VRT_1397	HYPESKULLS_VT_R_C	HYPESKULLS_VT_G_C
HYPESKULLS_VRT_1140	HYPESKULLS_VT_N_C	HYPESKULLS_VT_AD_C
HYPESKULLS_VRT_1482	HYPESKULLS_VT_K_C	HYPESKULLS_VT_K_C
HYPESKULLS_VRT_1282	HYPESKULLS_VT_AD_C	HYPESKULLS_VT_N_C
HYPESKULLS_VRT_0875	HYPESKULLS_VT_AD_C	HYPESKULLS_VT_V_C
HYPESKULLS_VRT_1474	HYPESKULLS_VT_K_C	HYPESKULLS_VT_N_C
HYPESKULLS_VRT_0497	HYPESKULLS_VT_R_C	HYPESKULLS_VT_N_C
HYPESKULLS_VRT_0985	HYPESKULLS_VT_R_C	HYPESKULLS_VT_K_C
HYPESKULLS_VRT_0471	HYPESKULLS_VT_G_C	HYPESKULLS_VT_P_C
HYPESKULLS_VRT_0214	HYPESKULLS_VT_G_C	HYPESKULLS_VT_N_C
HYPESKULLS_VRT_0564	HYPESKULLS_VT_K_C	HYPESKULLS_VT_R_C
HYPESKULLS_VRT_0154	HYPESKULLS_VT_K_C	HYPESKULLS_VT_G_C
HYPESKULLS_VRT_0380	HYPESKULLS_VT_R_C	HYPESKULLS_VT_AD_C
HYPESKULLS_VRT_0700	HYPESKULLS_VT_P_C	HYPESKULLS_VT_K_C
HYPESKULLS_VRT_0117	HYPESKULLS_VT_R_C	HYPESKULLS_VT_AD_C
HYPESKULLS_VRT_0524	HYPESKULLS_VT_N_C	HYPESKULLS_VT_K_C
HYPESKULLS_VRT_1324	HYPESKULLS_VT_AD_C	HYPESKULLS_VT_AD_C
HYPESKULLS_VRT_0132	HYPESKULLS_VT_N_C	HYPESKULLS_VT_AD_C
HYPESKULLS_VRT_1063	HYPESKULLS_VT_G_C	HYPESKULLS_VT_G_C
HYPESKULLS_VRT_0082	HYPESKULLS_VT_K_C	HYPESKULLS_VT_G_C
HYPESKULLS_VRT_0377	HYPESKULLS_VT_R_C	HYPESKULLS_VT_P_C
HYPESKULLS_VRT_0725	HYPESKULLS_VT_V_C	HYPESKULLS_VT_K_C
HYPESKULLS_VRT_1494	HYPESKULLS_VT_N_C	HYPESKULLS_VT_K_C
HYPESKULLS_VRT_1374	HYPESKULLS_VT_P_C	HYPESKULLS_VT_N_C
HYPESKULLS_VRT_0603	HYPESKULLS_VT_R_C	HYPESKULLS_VT_R_C
HYPESKULLS_VRT_0712	HYPESKULLS_VT_G_C	HYPESKULLS_VT_R_C
HYPESKULLS_VRT_1405	HYPESKULLS_VT_G_C	HYPESKULLS_VT_N_C
HYPESKULLS_VRT_0894	HYPESKULLS_VT_N_C	HYPESKULLS_VT_G_C
HYPESKULLS_VRT_0292	HYPESKULLS_VT_V_C	HYPESKULLS_VT_V_C
HYPESKULLS_VRT_1446	HYPESKULLS_VT_N_C	HYPESKULLS_VT_R_C
HYPESKULLS_VRT_0245	HYPESKULLS_VT_N_C	HYPESKULLS_VT_AD_C
HYPESKULLS_VRT_1068	HYPESKULLS_VT_P_C	HYPESKULLS_VT_V_C
HYPESKULLS_VRT_0785	HYPESKULLS_VT_AD_C	HYPESKULLS_VT_N_C
HYPESKULLS_VRT_0950	HYPESKULLS_VT_AD_C	HYPESKULLS_VT_AD_C
HYPESKULLS_VRT_0053	HYPESKULLS_VT_N_C	HYPESKULLS_VT_P_C
HYPESKULLS_VRT_0975	HYPESKULLS_VT_P_C	HYPESKULLS_VT_P_C
HYPESKULLS_VRT_0662	HYPESKULLS_VT_G_C	HYPESKULLS_VT_G_C
HYPESKULLS_VRT_0472	HYPESKULLS_VT_G_C	HYPESKULLS_VT_N_C
HYPESKULLS_VRT_1481	HYPESKULLS_VT_P_C	HYPESKULLS_VT_R_C
HYPESKULLS_VRT_0644	HYPESKULLS_VT_AD_C	HYPESKULLS_VT_K_C
HYPESKULLS_VRT_1187	HYPESKULLS_VT_G_C	HYPESKULLS_VT_K_C
HYPESKULLS_VRT_0668	HYPESKULLS_VT_R_C	HYPESKULLS_VT_K_C
HYPESKULLS_VRT_0585	HYPESKULLS_VT_K_C	HYPESKULLS_VT_P_C
HYPESKULLS_VRT_0704	HYPESKULLS_VT_V_C	HYPESKULLS_VT_G_C
HYPESKULLS_VRT_0898	HYPESKULLS_VT_R_C	HYPESKULLS_VT_K_C
HYPESKULLS_VRT_0126	HYPESKULLS_VT_R_C	HYPESKULLS_VT_AD_C
HYPESKULLS_VRT_0217	HYPESKULLS_VT_K_C	HYPESKULLS_VT_AD_C
HYPESKULLS_VRT_1058	HYPESKULLS_VT_AD_C	HYPESKULLS_VT_V_C
HYPESKULLS_VRT_0288	HYPESKULLS_VT_K_C	HYPESKULLS_VT_AD_C
HYPESKULLS_VRT_0464	HYPESKULLS_VT_G_C	HYPESKULLS_VT_V_C
HYPESKULLS_VRT_0079	HYPESKULLS_VT_AD_C	HYPESKULLS_VT_AD_C
HYPESKULLS_VRT_0878	HYPESKULLS_VT_V_C	HYPESKULLS_VT_AD_C
HYPESKULLS_VRT_0482	HYPESKULLS_VT_G_C	HYPESKULLS_VT_V_C
HYPESKULLS_VRT_0463	HYPESKULLS_VT_N_C	HYPESKULLS_VT_G_C
HYPESKULLS_VRT_0225	HYPESKULLS_VT_R_E	HYPESKULLS_VT_P_C
HYPESKULLS_VRT_0341	HYPESKULLS_VT_P_C	HYPESKULLS_VT_R_C
HYPESKULLS_VRT_0972	HYPESKULLS_VT_G_C	HYPESKULLS_VT_G_C
HYPESKULLS_VRT_1239	HYPESKULLS_VT_V_C	HYPESKULLS_VT_V_C
HYPESKULLS_VRT_1115	HYPESKULLS_VT_N_C	HYPESKULLS_VT_P_C
HYPESKULLS_VRT_0043	HYPESKULLS_VT_P_C	HYPESKULLS_VT_R_E
HYPESKULLS_VRT_1371	HYPESKULLS_VT_AC_C	HYPESKULLS_VT_AD_C
HYPESKULLS_VRT_1238	HYPESKULLS_VT_V_C	HYPESKULLS_VT_N_C
HYPESKULLS_VRT_0477	HYPESKULLS_VT_R_C	HYPESKULLS_VT_R_C
HYPESKULLS_VRT_0468	HYPESKULLS_VT_R_E	HYPESKULLS_VT_K_C
HYPESKULLS_VRT_1303	HYPESKULLS_VT_AD_C	HYPESKULLS_VT_R_E
HYPESKULLS_VRT_0880	HYPESKULLS_VT_K_C	HYPESKULLS_VT_G_C
HYPESKULLS_VRT_1314	HYPESKULLS_VT_AD_C	HYPESKULLS_VT_AC_C
HYPESKULLS_VRT_0795	HYPESKULLS_VT_R_C	HYPESKULLS_VT_AD_C
HYPESKULLS_VRT_0722	HYPESKULLS_VT_K_C	HYPESKULLS_VT_G_C
HYPESKULLS_VRT_1173	HYPESKULLS_VT_N_C	HYPESKULLS_VT_K_C
HYPESKULLS_VRT_0293	HYPESKULLS_VT_N_C	HYPESKULLS_VT_N_C
HYPESKULLS_VRT_0187	HYPESKULLS_VT_AD_C	HYPESKULLS_VT_V_C
HYPESKULLS_VRT_0328	HYPESKULLS_VT_V_C	HYPESKULLS_VT_AD_C
HYPESKULLS_VRT_0583	HYPESKULLS_VT_R_C	HYPESKULLS_VT_P_C
HYPESKULLS_VRT_0822	HYPESKULLS_VT_K_C	HYPESKULLS_VT_V_C
HYPESKULLS_VRT_0743	HYPESKULLS_VT_R_E	HYPESKULLS_VT_R_E
HYPESKULLS_VRT_0354	HYPESKULLS_VT_N_C	HYPESKULLS_VT_R_C
HYPESKULLS_VRT_0183	HYPESKULLS_VT_K_C	HYPESKULLS_VT_R_C
HYPESKULLS_VRT_0688	HYPESKULLS_VT_R_C	HYPESKULLS_VT_AD_E
HYPESKULLS_VRT_0092	HYPESKULLS_VT_P_C	HYPESKULLS_VT_G_C
HYPESKULLS_VRT_0626	HYPESKULLS_VT_P_C	HYPESKULLS_VT_R_C
HYPESKULLS_VRT_0955	HYPESKULLS_VT_R_C	HYPESKULLS_VT_AC_C
HYPESKULLS_VRT_0534	HYPESKULLS_VT_AC_C	HYPESKULLS_VT_K_C
HYPESKULLS_VRT_1262	HYPESKULLS_VT_R_E	HYPESKULLS_VT_R_E
HYPESKULLS_VRT_0446	HYPESKULLS_VT_P_C	HYPESKULLS_VT_AC_C
HYPESKULLS_VRT_0836	HYPESKULLS_VT_AC_C	HYPESKULLS_VT_G_C
HYPESKULLS_VRT_1206	HYPESKULLS_VT_K_C	HYPESKULLS_VT_G_C
HYPESKULLS_VRT_0557	HYPESKULLS_VT_P_C	HYPESKULLS_VT_P_C
HYPESKULLS_VRT_0036	HYPESKULLS_VT_K_C	HYPESKULLS_VT_AC_C
HYPESKULLS_VRT_0031	HYPESKULLS_VT_V_C	HYPESKULLS_VT_AD_C
HYPESKULLS_VRT_1300	HYPESKULLS_VT_R_C	HYPESKULLS_VT_R_C
HYPESKULLS_VRT_1030	HYPESKULLS_VT_AD_E	HYPESKULLS_VT_R_C
HYPESKULLS_VRT_0227	HYPESKULLS_VT_V_C	HYPESKULLS_VT_P_C
HYPESKULLS_VRT_1354	HYPESKULLS_VT_AD_C	HYPESKULLS_VT_P_C
HYPESKULLS_VRT_0845	HYPESKULLS_VT_N_C	HYPESKULLS_VT_AD_E
HYPESKULLS_VRT_1006	HYPESKULLS_VT_R_E	HYPESKULLS_VT_R_C
HYPESKULLS_VRT_1317	HYPESKULLS_VT_P_C	HYPESKULLS_VT_AD_C
HYPESKULLS_VRT_0055	HYPESKULLS_VT_V_C	HYPESKULLS_VT_V_C
HYPESKULLS_VRT_1295	HYPESKULLS_VT_R_C	HYPESKULLS_VT_P_C
HYPESKULLS_VRT_0008	HYPESKULLS_VT_AD_E	HYPESKULLS_VT_N_C
HYPESKULLS_VRT_0005	HYPESKULLS_VT_AD_E	HYPESKULLS_VT_K_C
HYPESKULLS_VRT_0041	HYPESKULLS_VT_N_C	HYPESKULLS_VT_AD_C
HYPESKULLS_VRT_0642	HYPESKULLS_VT_V_C	HYPESKULLS_VT_AD_C
HYPESKULLS_VRT_0347	HYPESKULLS_VT_N_C	HYPESKULLS_VT_AC_C
HYPESKULLS_VRT_0927	HYPESKULLS_VT_G_E	HYPESKULLS_VT_V_C
HYPESKULLS_VRT_0523	HYPESKULLS_VT_V_C	HYPESKULLS_VT_R_C
HYPESKULLS_VRT_0841	HYPESKULLS_VT_R_E	HYPESKULLS_VT_AC_C
HYPESKULLS_VRT_0911	HYPESKULLS_VT_P_C	HYPESKULLS_VT_V_C
HYPESKULLS_VRT_0959	HYPESKULLS_VT_P_C	HYPESKULLS_VT_V_C
HYPESKULLS_VRT_0179	HYPESKULLS_VT_R_E	HYPESKULLS_VT_G_E
HYPESKULLS_VRT_1298	HYPESKULLS_VT_K_C	HYPESKULLS_VT_P_C
HYPESKULLS_VRT_0131	HYPESKULLS_VT_V_C	HYPESKULLS_VT_G_C
HYPESKULLS_VRT_1003	HYPESKULLS_VT_P_C	HYPESKULLS_VT_G_C
HYPESKULLS_VRT_0430	HYPESKULLS_VT_N_C	HYPESKULLS_VT_AD_C
HYPESKULLS_VRT_0968	HYPESKULLS_VT_AD_C	HYPESKULLS_VT_Z_C
HYPESKULLS_VRT_1001	HYPESKULLS_VT_V_C	HYPESKULLS_VT_AC_C
HYPESKULLS_VRT_0186	HYPESKULLS_VT_R_C	HYPESKULLS_VT_AD_C
HYPESKULLS_VRT_0891	HYPESKULLS_VT_K_C	HYPESKULLS_VT_N_C
HYPESKULLS_VRT_0892	HYPESKULLS_VT_K_C	HYPESKULLS_VT_G_E
HYPESKULLS_VRT_0436	HYPESKULLS_VT_N_C	HYPESKULLS_VT_G_C
HYPESKULLS_VRT_1467	HYPESKULLS_VT_P_C	HYPESKULLS_VT_R_E
HYPESKULLS_VRT_0314	HYPESKULLS_VT_AD_E	HYPESKULLS_VT_K_C
HYPESKULLS_VRT_1109	HYPESKULLS_VT_R_E	HYPESKULLS_VT_N_C
HYPESKULLS_VRT_0171	HYPESKULLS_VT_V_C	HYPESKULLS_VT_Z_C
HYPESKULLS_VRT_1161	HYPESKULLS_VT_AD_E	HYPESKULLS_VT_Z_C
HYPESKULLS_VRT_1436	HYPESKULLS_VT_G_C	HYPESKULLS_VT_R_C
HYPESKULLS_VRT_0625	HYPESKULLS_VT_R_E	HYPESKULLS_VT_AD_C
HYPESKULLS_VRT_0344	HYPESKULLS_VT_G_E	HYPESKULLS_VT_AD_C
HYPESKULLS_VRT_0629	HYPESKULLS_VT_V_C	HYPESKULLS_VT_P_C
HYPESKULLS_VRT_1301	HYPESKULLS_VT_R_E	HYPESKULLS_VT_AD_C
HYPESKULLS_VRT_1284	HYPESKULLS_VT_Z_C	HYPESKULLS_VT_G_C
HYPESKULLS_VRT_1476	HYPESKULLS_VT_N_C	HYPESKULLS_VT_Z_C
HYPESKULLS_VRT_0103	HYPESKULLS_VT_N_C	HYPESKULLS_VT_AD_C
HYPESKULLS_VRT_0574	HYPESKULLS_VT_AD_E	HYPESKULLS_VT_G_E
HYPESKULLS_VRT_1431	HYPESKULLS_VT_G_C	HYPESKULLS_VT_R_E
HYPESKULLS_VRT_1210	HYPESKULLS_VT_G_E	HYPESKULLS_VT_AD_C
HYPESKULLS_VRT_0615	HYPESKULLS_VT_AD_C	HYPESKULLS_VT_G_E
HYPESKULLS_VRT_0610	HYPESKULLS_VT_AC_C	HYPESKULLS_VT_G_C
HYPESKULLS_VRT_0211	HYPESKULLS_VT_G_E	HYPESKULLS_VT_P_C
HYPESKULLS_VRT_1437	HYPESKULLS_VT_Z_C	HYPESKULLS_VT_N_C
HYPESKULLS_VRT_1035	HYPESKULLS_VT_N_E	HYPESKULLS_VT_N_E
HYPESKULLS_VRT_1453	HYPESKULLS_VT_N_C	HYPESKULLS_VT_AC_C
HYPESKULLS_VRT_1165	HYPESKULLS_VT_R_C	HYPESKULLS_VT_K_C
HYPESKULLS_VRT_0957	HYPESKULLS_VT_G_C	HYPESKULLS_VT_G_C
HYPESKULLS_VRT_1227	HYPESKULLS_VT_K_C	HYPESKULLS_VT_AD_C
HYPESKULLS_VRT_0897	HYPESKULLS_VT_R_E	HYPESKULLS_VT_AC_C
HYPESKULLS_VRT_1067	HYPESKULLS_VT_G_E	HYPESKULLS_VT_AC_C
HYPESKULLS_VRT_0723	HYPESKULLS_VT_G_C	HYPESKULLS_VT_Z_C
HYPESKULLS_VRT_1478	HYPESKULLS_VT_P_C	HYPESKULLS_VT_Z_C
HYPESKULLS_VRT_1103	HYPESKULLS_VT_P_C	HYPESKULLS_VT_AD_E
HYPESKULLS_VRT_0487	HYPESKULLS_VT_AC_C	HYPESKULLS_VT_AC_C
HYPESKULLS_VRT_1355	HYPESKULLS_VT_AD_E	HYPESKULLS_VT_V_C
HYPESKULLS_VRT_0329	HYPESKULLS_VT_AD_E	HYPESKULLS_VT_AD_C
HYPESKULLS_VRT_1142	HYPESKULLS_VT_G_E	HYPESKULLS_VT_N_C
HYPESKULLS_VRT_1224	HYPESKULLS_VT_V_C	HYPESKULLS_VT_AD_E
HYPESKULLS_VRT_1330	HYPESKULLS_VT_AD_C	HYPESKULLS_VT_K_C
HYPESKULLS_VRT_1497	HYPESKULLS_VT_G_E	HYPESKULLS_VT_AD_E
HYPESKULLS_VRT_1416	HYPESKULLS_VT_AD_C	HYPESKULLS_VT_G_C
HYPESKULLS_VRT_0038	HYPESKULLS_VT_P_C	HYPESKULLS_VT_AD_C
HYPESKULLS_VRT_0191	HYPESKULLS_VT_N_C	HYPESKULLS_VT_Z_C
HYPESKULLS_VRT_0757	HYPESKULLS_VT_G_E	HYPESKULLS_VT_AD_E
HYPESKULLS_VRT_1194	HYPESKULLS_VT_Z_C	HYPESKULLS_VT_G_C
HYPESKULLS_VRT_0773	HYPESKULLS_VT_AC_C	HYPESKULLS_VT_AC_C
HYPESKULLS_VRT_0145	HYPESKULLS_VT_N_E	HYPESKULLS_VT_AD_C
HYPESKULLS_VRT_0204	HYPESKULLS_VT_N_E	HYPESKULLS_VT_N_C
HYPESKULLS_VRT_1077	HYPESKULLS_VT_Z_C	HYPESKULLS_VT_R_E
HYPESKULLS_VRT_1090	HYPESKULLS_VT_P_C	HYPESKULLS_VT_AD_C
HYPESKULLS_VRT_1486	HYPESKULLS_VT_G_C	HYPESKULLS_VT_AD_C
HYPESKULLS_VRT_0285	HYPESKULLS_VT_Z_C	HYPESKULLS_VT_K_C
HYPESKULLS_VRT_0913	HYPESKULLS_VT_P_C	HYPESKULLS_VT_AD_E
HYPESKULLS_VRT_0491	HYPESKULLS_VT_K_C	HYPESKULLS_VT_R_E
HYPESKULLS_VRT_0342	HYPESKULLS_VT_AD_C	HYPESKULLS_VT_R_E
HYPESKULLS_VRT_0097	HYPESKULLS_VT_G_E	HYPESKULLS_VT_V_C
HYPESKULLS_VRT_0528	HYPESKULLS_VT_G_E	HYPESKULLS_VT_AD_E
HYPESKULLS_VRT_0655	HYPESKULLS_VT_N_E	HYPESKULLS_VT_Z_C
HYPESKULLS_VRT_1147	HYPESKULLS_VT_G_C	HYPESKULLS_VT_AD_E
HYPESKULLS_VRT_1145	HYPESKULLS_VT_G_E	HYPESKULLS_VT_N_C
HYPESKULLS_VRT_0519	HYPESKULLS_VT_Z_C	HYPESKULLS_VT_Z_C
HYPESKULLS_VRT_1357	HYPESKULLS_VT_G_E	HYPESKULLS_VT_G_E
HYPESKULLS_VRT_0196	HYPESKULLS_VT_N_E	HYPESKULLS_VT_Z_C
HYPESKULLS_VRT_0251	HYPESKULLS_VT_R_E	HYPESKULLS_VT_R_C
HYPESKULLS_VRT_0028	HYPESKULLS_VT_N_C	HYPESKULLS_VT_Z_C
HYPESKULLS_VRT_0358	HYPESKULLS_VT_N_C	HYPESKULLS_VT_N_C
HYPESKULLS_VRT_0753	HYPESKULLS_VT_K_C	HYPESKULLS_VT_G_C
HYPESKULLS_VRT_1287	HYPESKULLS_VT_R_E	HYPESKULLS_VT_AD_E
HYPESKULLS_VRT_1475	HYPESKULLS_VT_P_C	HYPESKULLS_VT_P_C
HYPESKULLS_VRT_0075	HYPESKULLS_VT_R_E	HYPESKULLS_VT_K_C
HYPESKULLS_VRT_1106	HYPESKULLS_VT_V_C	HYPESKULLS_VT_Z_C
HYPESKULLS_VRT_0842	HYPESKULLS_VT_N_C	HYPESKULLS_VT_G_E
HYPESKULLS_VRT_0333	HYPESKULLS_VT_R_E	HYPESKULLS_VT_AD_C
HYPESKULLS_VRT_1346	HYPESKULLS_VT_AD_C	HYPESKULLS_VT_Z_C
HYPESKULLS_VRT_1040	HYPESKULLS_VT_R_E	HYPESKULLS_VT_G_E
HYPESKULLS_VRT_1225	HYPESKULLS_VT_R_C	HYPESKULLS_VT_AD_E
HYPESKULLS_VRT_0061	HYPESKULLS_VT_G_E	HYPESKULLS_VT_G_E
HYPESKULLS_VRT_1080	HYPESKULLS_VT_G_C	HYPESKULLS_VT_P_C
HYPESKULLS_VRT_0765	HYPESKULLS_VT_AD_C	HYPESKULLS_VT_G_C
HYPESKULLS_VRT_0952	HYPESKULLS_VT_AD_E	HYPESKULLS_VT_Z_C
HYPESKULLS_VRT_1107	HYPESKULLS_VT_K_C	HYPESKULLS_VT_K_C
HYPESKULLS_VRT_1048	HYPESKULLS_VT_AD_C	HYPESKULLS_VT_AC_C
HYPESKULLS_VRT_1172	HYPESKULLS_VT_N_C	HYPESKULLS_VT_G_C
HYPESKULLS_VRT_1033	HYPESKULLS_VT_AC_C	HYPESKULLS_VT_N_C
HYPESKULLS_VRT_1409	HYPESKULLS_VT_Z_C	HYPESKULLS_VT_G_E
HYPESKULLS_VRT_0542	HYPESKULLS_VT_K_C	HYPESKULLS_VT_AC_C
HYPESKULLS_VRT_1462	HYPESKULLS_VT_G_E	HYPESKULLS_VT_G_E
HYPESKULLS_VRT_0152	HYPESKULLS_VT_G_E	HYPESKULLS_VT_G_E
HYPESKULLS_VRT_1463	HYPESKULLS_VT_K_C	HYPESKULLS_VT_N_C
HYPESKULLS_VRT_1055	HYPESKULLS_VT_AD_C	HYPESKULLS_VT_AD_C
HYPESKULLS_VRT_1376	HYPESKULLS_VT_AD_C	HYPESKULLS_VT_N_C
HYPESKULLS_VRT_0751	HYPESKULLS_VT_P_C	HYPESKULLS_VT_AC_C
HYPESKULLS_VRT_0854	HYPESKULLS_VT_AD_E	HYPESKULLS_VT_K_C
HYPESKULLS_VRT_1297	HYPESKULLS_VT_N_C	HYPESKULLS_VT_V_C
HYPESKULLS_VRT_0616	HYPESKULLS_VT_R_E	HYPESKULLS_VT_N_C
HYPESKULLS_VRT_1158	HYPESKULLS_VT_G_E	HYPESKULLS_VT_N_E
HYPESKULLS_VRT_0065	HYPESKULLS_VT_K_C	HYPESKULLS_VT_N_E
HYPESKULLS_VRT_1198	HYPESKULLS_VT_G_C	HYPESKULLS_VT_R_C
HYPESKULLS_VRT_0595	HYPESKULLS_VT_Z_C	HYPESKULLS_VT_P_C
HYPESKULLS_VRT_0828	HYPESKULLS_VT_AD_C	HYPESKULLS_VT_K_C
HYPESKULLS_VRT_1047	HYPESKULLS_VT_R_C	HYPESKULLS_VT_AC_C
HYPESKULLS_VRT_0631	HYPESKULLS_VT_N_C	HYPESKULLS_VT_N_C
HYPESKULLS_VRT_0311	HYPESKULLS_VT_P_C	HYPESKULLS_VT_P_C
HYPESKULLS_VRT_0298	HYPESKULLS_VT_P_C	HYPESKULLS_VT_G_C
HYPESKULLS_VRT_0748	HYPESKULLS_VT_Z_C	HYPESKULLS_VT_AD_C
HYPESKULLS_VRT_1363	HYPESKULLS_VT_R_C	HYPESKULLS_VT_G_C
HYPESKULLS_VRT_1288	HYPESKULLS_VT_G_E	HYPESKULLS_VT_AD_E
HYPESKULLS_VRT_0540	HYPESKULLS_VT_N_E	HYPESKULLS_VT_R_C
HYPESKULLS_VRT_1134	HYPESKULLS_VT_V_C	HYPESKULLS_VT_AD_E
HYPESKULLS_VRT_0302	HYPESKULLS_VT_N_E	HYPESKULLS_VT_G_C
HYPESKULLS_VRT_0316	HYPESKULLS_VT_AC_C	HYPESKULLS_VT_N_E
HYPESKULLS_VRT_0970	HYPESKULLS_VT_Z_C	HYPESKULLS_VT_N_E
HYPESKULLS_VRT_0696	HYPESKULLS_VT_R_C	HYPESKULLS_VT_V_C
HYPESKULLS_VRT_0760	HYPESKULLS_VT_V_C	HYPESKULLS_VT_Z_C
HYPESKULLS_VRT_0884	HYPESKULLS_VT_N_E	HYPESKULLS_VT_N_E
HYPESKULLS_VRT_0618	HYPESKULLS_VT_G_C	HYPESKULLS_VT_AD_C
HYPESKULLS_VRT_0932	HYPESKULLS_VT_P_C	HYPESKULLS_VT_R_E
HYPESKULLS_VRT_1255	HYPESKULLS_VT_G_E	HYPESKULLS_VT_N_C
HYPESKULLS_VRT_0340	HYPESKULLS_VT_AC_C	HYPESKULLS_VT_K_C
HYPESKULLS_VRT_0990	HYPESKULLS_VT_R_C	HYPESKULLS_VT_AD_C
HYPESKULLS_VRT_0876	HYPESKULLS_VT_AD_E	HYPESKULLS_VT_AC_C
HYPESKULLS_VRT_1302	HYPESKULLS_VT_K_C	HYPESKULLS_VT_N_C
HYPESKULLS_VRT_1065	HYPESKULLS_VT_P_C	HYPESKULLS_VT_AD_E
HYPESKULLS_VRT_0993	HYPESKULLS_VT_G_C	HYPESKULLS_VT_AD_C
HYPESKULLS_VRT_1418	HYPESKULLS_VT_P_C	HYPESKULLS_VT_P_C
HYPESKULLS_VRT_0777	HYPESKULLS_VT_R_C	HYPESKULLS_VT_K_C
HYPESKULLS_VRT_0481	HYPESKULLS_VT_N_C	HYPESKULLS_VT_K_C
HYPESKULLS_VRT_0450	HYPESKULLS_VT_K_C	HYPESKULLS_VT_G_C
HYPESKULLS_VRT_1426	HYPESKULLS_VT_Z_C	HYPESKULLS_VT_G_E
HYPESKULLS_VRT_0981	HYPESKULLS_VT_K_C	HYPESKULLS_VT_AC_C
HYPESKULLS_VRT_1361	HYPESKULLS_VT_AD_E	HYPESKULLS_VT_G_E
HYPESKULLS_VRT_0546	HYPESKULLS_VT_G_C	HYPESKULLS_VT_AD_C
HYPESKULLS_VRT_0440	HYPESKULLS_VT_G_E	HYPESKULLS_VT_N_C
HYPESKULLS_VRT_0737	HYPESKULLS_VT_G_C	HYPESKULLS_VT_P_C
HYPESKULLS_VRT_0739	HYPESKULLS_VT_N_C	HYPESKULLS_VT_R_E
HYPESKULLS_VRT_1344	HYPESKULLS_VT_K_C	HYPESKULLS_VT_G_C
HYPESKULLS_VRT_1445	HYPESKULLS_VT_AD_C	HYPESKULLS_VT_G_E
HYPESKULLS_VRT_1232	HYPESKULLS_VT_G_E	HYPESKULLS_VT_N_C
HYPESKULLS_VRT_0543	HYPESKULLS_VT_P_C	HYPESKULLS_VT_N_E
HYPESKULLS_VRT_1257	HYPESKULLS_VT_N_C	HYPESKULLS_VT_N_E
HYPESKULLS_VRT_0169	HYPESKULLS_VT_R_C	HYPESKULLS_VT_R_E
HYPESKULLS_VRT_0764	HYPESKULLS_VT_P_C	HYPESKULLS_VT_N_E
HYPESKULLS_VRT_0591	HYPESKULLS_VT_AC_C	HYPESKULLS_VT_G_C
HYPESKULLS_VRT_0719	HYPESKULLS_VT_AC_C	HYPESKULLS_VT_Z_C
HYPESKULLS_VRT_0149	HYPESKULLS_VT_K_C	HYPESKULLS_VT_AC_C
HYPESKULLS_VRT_0814	HYPESKULLS_VT_P_C	HYPESKULLS_VT_K_C
HYPESKULLS_VRT_0695	HYPESKULLS_VT_AD_E	HYPESKULLS_VT_R_E
HYPESKULLS_VRT_1266	HYPESKULLS_VT_Z_C	HYPESKULLS_VT_AC_C
HYPESKULLS_VRT_0226	HYPESKULLS_VT_N_E	HYPESKULLS_VT_R_E
HYPESKULLS_VRT_0553	HYPESKULLS_VT_P_C	HYPESKULLS_VT_AD_C
HYPESKULLS_VRT_1319	HYPESKULLS_VT_Z_C	HYPESKULLS_VT_R_C
HYPESKULLS_VRT_0769	HYPESKULLS_VT_Z_C	HYPESKULLS_VT_AD_C
HYPESKULLS_VRT_1455	HYPESKULLS_VT_V_C	HYPESKULLS_VT_G_C
HYPESKULLS_VRT_1049	HYPESKULLS_VT_AD_E	HYPESKULLS_VT_AD_C
HYPESKULLS_VRT_1272	HYPESKULLS_VT_R_C	HYPESKULLS_VT_AD_C
HYPESKULLS_VRT_0740	HYPESKULLS_VT_AC_C	HYPESKULLS_VT_Z_C
HYPESKULLS_VRT_1250	HYPESKULLS_VT_P_C	HYPESKULLS_VT_N_C
HYPESKULLS_VRT_1190	HYPESKULLS_VT_AD_C	HYPESKULLS_VT_AD_C
HYPESKULLS_VRT_1026	HYPESKULLS_VT_R_E	HYPESKULLS_VT_K_C
HYPESKULLS_VRT_1213	HYPESKULLS_VT_M_C	HYPESKULLS_VT_M_C
HYPESKULLS_VRT_0320	HYPESKULLS_VT_M_C	HYPESKULLS_VT_AC_C
HYPESKULLS_VRT_0096	HYPESKULLS_VT_G_C	HYPESKULLS_VT_V_C
HYPESKULLS_VRT_0049	HYPESKULLS_VT_AD_C	HYPESKULLS_VT_G_C
HYPESKULLS_VRT_0504	HYPESKULLS_VT_R_E	HYPESKULLS_VT_Z_C
HYPESKULLS_VRT_1027	HYPESKULLS_VT_V_C	HYPESKULLS_VT_AD_C
HYPESKULLS_VRT_0929	HYPESKULLS_VT_G_C	HYPESKULLS_VT_V_C
HYPESKULLS_VRT_0512	HYPESKULLS_VT_AD_C	HYPESKULLS_VT_AD_E
HYPESKULLS_VRT_0750	HYPESKULLS_VT_G_C	HYPESKULLS_VT_R_C
HYPESKULLS_VRT_0781	HYPESKULLS_VT_N_C	HYPESKULLS_VT_V_C
HYPESKULLS_VRT_0684	HYPESKULLS_VT_N_C	HYPESKULLS_VT_V_C
HYPESKULLS_VRT_0756	HYPESKULLS_VT_K_C	HYPESKULLS_VT_AD_E
HYPESKULLS_VRT_1122	HYPESKULLS_VT_M_C	HYPESKULLS_VT_N_C
HYPESKULLS_VRT_0366	HYPESKULLS_VT_AD_C	HYPESKULLS_VT_K_C
HYPESKULLS_VRT_0013	HYPESKULLS_VT_AC_E	HYPESKULLS_VT_V_C
HYPESKULLS_VRT_0923	HYPESKULLS_VT_N_C	HYPESKULLS_VT_V_C
HYPESKULLS_VRT_0362	HYPESKULLS_VT_P_C	HYPESKULLS_VT_R_E
HYPESKULLS_VRT_0941	HYPESKULLS_VT_N_C	HYPESKULLS_VT_Z_C
HYPESKULLS_VRT_0489	HYPESKULLS_VT_M_C	HYPESKULLS_VT_G_C
HYPESKULLS_VRT_0605	HYPESKULLS_VT_M_C	HYPESKULLS_VT_AC_E
HYPESKULLS_VRT_0265	HYPESKULLS_VT_AC_C	HYPESKULLS_VT_AD_C
HYPESKULLS_VRT_0442	HYPESKULLS_VT_R_E	HYPESKULLS_VT_G_E
HYPESKULLS_VRT_0443	HYPESKULLS_VT_N_C	HYPESKULLS_VT_K_C
HYPESKULLS_VRT_1432	HYPESKULLS_VT_N_C	HYPESKULLS_VT_G_C
HYPESKULLS_VRT_0598	HYPESKULLS_VT_Z_C	HYPESKULLS_VT_P_C
HYPESKULLS_VRT_1231	HYPESKULLS_VT_M_C	HYPESKULLS_VT_G_C
HYPESKULLS_VRT_0652	HYPESKULLS_VT_M_C	HYPESKULLS_VT_AD_C
HYPESKULLS_VRT_0590	HYPESKULLS_VT_G_C	HYPESKULLS_VT_AD_E
HYPESKULLS_VRT_0184	HYPESKULLS_VT_Z_C	HYPESKULLS_VT_R_E
HYPESKULLS_VRT_0492	HYPESKULLS_VT_R_C	HYPESKULLS_VT_N_E
HYPESKULLS_VRT_0641	HYPESKULLS_VT_N_C	HYPESKULLS_VT_AD_C
HYPESKULLS_VRT_0070	HYPESKULLS_VT_Z_C	HYPESKULLS_VT_AC_E
HYPESKULLS_VRT_1094	HYPESKULLS_VT_M_C	HYPESKULLS_VT_AC_E
HYPESKULLS_VRT_0019	HYPESKULLS_VT_V_C	HYPESKULLS_VT_N_C
HYPESKULLS_VRT_0252	HYPESKULLS_VT_M_C	HYPESKULLS_VT_N_C
HYPESKULLS_VRT_0449	HYPESKULLS_VT_AC_C	HYPESKULLS_VT_R_E
HYPESKULLS_VRT_0352	HYPESKULLS_VT_Z_C	HYPESKULLS_VT_G_C
HYPESKULLS_VRT_1359	HYPESKULLS_VT_AC_C	HYPESKULLS_VT_G_E
HYPESKULLS_VRT_0831	HYPESKULLS_VT_R_E	HYPESKULLS_VT_G_C
HYPESKULLS_VRT_0140	HYPESKULLS_VT_N_C	HYPESKULLS_VT_G_E
HYPESKULLS_VRT_0237	HYPESKULLS_VT_AC_C	HYPESKULLS_VT_P_C
HYPESKULLS_VRT_0158	HYPESKULLS_VT_Z_C	HYPESKULLS_VT_Z_C
HYPESKULLS_VRT_0050	HYPESKULLS_VT_AC_C	HYPESKULLS_VT_AD_E
HYPESKULLS_VRT_0996	HYPESKULLS_VT_R_E	HYPESKULLS_VT_V_E
HYPESKULLS_VRT_0273	HYPESKULLS_VT_R_C	HYPESKULLS_VT_Z_C
HYPESKULLS_VRT_1307	HYPESKULLS_VT_R_C	HYPESKULLS_VT_R_C
HYPESKULLS_VRT_0238	HYPESKULLS_VT_K_C	HYPESKULLS_VT_AD_C
HYPESKULLS_VRT_0452	HYPESKULLS_VT_Z_C	HYPESKULLS_VT_Z_C
HYPESKULLS_VRT_1413	HYPESKULLS_VT_V_E	HYPESKULLS_VT_AC_C
HYPESKULLS_VRT_0284	HYPESKULLS_VT_Z_C	HYPESKULLS_VT_V_E
HYPESKULLS_VRT_1178	HYPESKULLS_VT_R_C	HYPESKULLS_VT_K_C
HYPESKULLS_VRT_0275	HYPESKULLS_VT_R_E	HYPESKULLS_VT_AC_C
HYPESKULLS_VRT_0799	HYPESKULLS_VT_R_E	HYPESKULLS_VT_K_C
HYPESKULLS_VRT_0979	HYPESKULLS_VT_K_C	HYPESKULLS_VT_V_E
HYPESKULLS_VRT_1466	HYPESKULLS_VT_V_C	HYPESKULLS_VT_N_E
HYPESKULLS_VRT_1396	HYPESKULLS_VT_M_C	HYPESKULLS_VT_R_E
HYPESKULLS_VRT_0870	HYPESKULLS_VT_AD_E	HYPESKULLS_VT_AC_C
HYPESKULLS_VRT_1062	HYPESKULLS_VT_K_E	HYPESKULLS_VT_N_E
HYPESKULLS_VRT_0412	HYPESKULLS_VT_K_E	HYPESKULLS_VT_N_E
HYPESKULLS_VRT_0445	HYPESKULLS_VT_G_E	HYPESKULLS_VT_P_C
HYPESKULLS_VRT_0190	HYPESKULLS_VT_AD_C	HYPESKULLS_VT_AC_E
HYPESKULLS_VRT_0431	HYPESKULLS_VT_K_C	HYPESKULLS_VT_AD_E
HYPESKULLS_VRT_0999	HYPESKULLS_VT_R_E	HYPESKULLS_VT_V_E
HYPESKULLS_VRT_0650	HYPESKULLS_VT_R_E	HYPESKULLS_VT_AD_E
HYPESKULLS_VRT_0930	HYPESKULLS_VT_N_E	HYPESKULLS_VT_G_E
HYPESKULLS_VRT_0606	HYPESKULLS_VT_AC_C	HYPESKULLS_VT_V_E
HYPESKULLS_VRT_0375	HYPESKULLS_VT_AD_EE	HYPESKULLS_VT_V_E
HYPESKULLS_VRT_1220	HYPESKULLS_VT_V_C	HYPESKULLS_VT_V_C
HYPESKULLS_VRT_1448	HYPESKULLS_VT_V_C	HYPESKULLS_VT_AD_C
HYPESKULLS_VRT_0510	HYPESKULLS_VT_R_C	HYPESKULLS_VT_AC_E
HYPESKULLS_VRT_0350	HYPESKULLS_VT_AC_C	HYPESKULLS_VT_R_C
HYPESKULLS_VRT_1328	HYPESKULLS_VT_AD_E	HYPESKULLS_VT_N_C
HYPESKULLS_VRT_0312	HYPESKULLS_VT_AD_C	HYPESKULLS_VT_V_C
HYPESKULLS_VRT_1240	HYPESKULLS_VT_P_C	HYPESKULLS_VT_AC_C
HYPESKULLS_VRT_0920	HYPESKULLS_VT_R_E	HYPESKULLS_VT_P_C
HYPESKULLS_VRT_1175	HYPESKULLS_VT_AD_E	HYPESKULLS_VT_N_E
HYPESKULLS_VRT_0301	HYPESKULLS_VT_V_E	HYPESKULLS_VT_P_C
HYPESKULLS_VRT_1420	HYPESKULLS_VT_AC_C	HYPESKULLS_VT_AD_E
HYPESKULLS_VRT_0600	HYPESKULLS_VT_V_C	HYPESKULLS_VT_R_C
HYPESKULLS_VRT_0800	HYPESKULLS_VT_N_E	HYPESKULLS_VT_V_E
HYPESKULLS_VRT_1408	HYPESKULLS_VT_G_E	HYPESKULLS_VT_M_C
HYPESKULLS_VRT_0111	HYPESKULLS_VT_G_C	HYPESKULLS_VT_V_C
HYPESKULLS_VRT_0673	HYPESKULLS_VT_G_E	HYPESKULLS_VT_K_E
HYPESKULLS_VRT_1273	HYPESKULLS_VT_N_E	HYPESKULLS_VT_M_C
HYPESKULLS_VRT_0896	HYPESKULLS_VT_K_E	HYPESKULLS_VT_M_C
HYPESKULLS_VRT_0016	HYPESKULLS_VT_AD_E	HYPESKULLS_VT_AD_EE
HYPESKULLS_VRT_0480	HYPESKULLS_VT_AC_C	HYPESKULLS_VT_M_C
HYPESKULLS_VRT_1465	HYPESKULLS_VT_G_C	HYPESKULLS_VT_M_C
HYPESKULLS_VRT_0807	HYPESKULLS_VT_AD_EE	HYPESKULLS_VT_AD_C
HYPESKULLS_VRT_0289	HYPESKULLS_VT_P_C	HYPESKULLS_VT_V_C
HYPESKULLS_VRT_1041	HYPESKULLS_VT_K_C	HYPESKULLS_VT_AD_EE
HYPESKULLS_VRT_1223	HYPESKULLS_VT_K_E	HYPESKULLS_VT_K_E
HYPESKULLS_VRT_0813	HYPESKULLS_VT_R_C	HYPESKULLS_VT_V_E
HYPESKULLS_VRT_0858	HYPESKULLS_VT_K_E	HYPESKULLS_VT_AC_E
HYPESKULLS_VRT_0584	HYPESKULLS_VT_K_E	HYPESKULLS_VT_Z_C
HYPESKULLS_VRT_0493	HYPESKULLS_VT_V_C	HYPESKULLS_VT_AD_C
HYPESKULLS_VRT_0194	HYPESKULLS_VT_V_E	HYPESKULLS_VT_R_C
HYPESKULLS_VRT_1167	HYPESKULLS_VT_AD_EE	HYPESKULLS_VT_G_C
HYPESKULLS_VRT_1268	HYPESKULLS_VT_AD_C	HYPESKULLS_VT_Z_C
HYPESKULLS_VRT_1007	HYPESKULLS_VT_R_E	HYPESKULLS_VT_N_E
HYPESKULLS_VRT_0647	HYPESKULLS_VT_G_C	HYPESKULLS_VT_AD_E
HYPESKULLS_VRT_0089	HYPESKULLS_VT_AD_C	HYPESKULLS_VT_AD_EE
HYPESKULLS_VRT_0881	HYPESKULLS_VT_K_C	HYPESKULLS_VT_AC_E
HYPESKULLS_VRT_0309	HYPESKULLS_VT_Z_C	HYPESKULLS_VT_R_C
HYPESKULLS_VRT_0900	HYPESKULLS_VT_V_C	HYPESKULLS_VT_AC_C
HYPESKULLS_VRT_1388	HYPESKULLS_VT_R_C	HYPESKULLS_VT_AD_C
HYPESKULLS_VRT_0516	HYPESKULLS_VT_M_C	HYPESKULLS_VT_K_E
HYPESKULLS_VRT_0037	HYPESKULLS_VT_N_C	HYPESKULLS_VT_V_C
HYPESKULLS_VRT_0045	HYPESKULLS_VT_N_C	HYPESKULLS_VT_N_C
HYPESKULLS_VRT_0303	HYPESKULLS_VT_N_C	HYPESKULLS_VT_M_C
HYPESKULLS_VRT_0454	HYPESKULLS_VT_G_E	HYPESKULLS_VT_G_C
HYPESKULLS_VRT_0549	HYPESKULLS_VT_K_E	HYPESKULLS_VT_M_C
HYPESKULLS_VRT_0027	HYPESKULLS_VT_G_E	HYPESKULLS_VT_V_C
HYPESKULLS_VRT_1342	HYPESKULLS_VT_P_C	HYPESKULLS_VT_N_E
HYPESKULLS_VRT_0396	HYPESKULLS_VT_G_C	HYPESKULLS_VT_AD_E
HYPESKULLS_VRT_0363	HYPESKULLS_VT_R_C	HYPESKULLS_VT_K_C
HYPESKULLS_VRT_0229	HYPESKULLS_VT_Z_C	HYPESKULLS_VT_N_E
HYPESKULLS_VRT_0142	HYPESKULLS_VT_G_E	HYPESKULLS_VT_AC_C
HYPESKULLS_VRT_1382	HYPESKULLS_VT_AD_E	HYPESKULLS_VT_Z_C
HYPESKULLS_VRT_0989	HYPESKULLS_VT_AD_EE	HYPESKULLS_VT_AC_C
HYPESKULLS_VRT_1208	HYPESKULLS_VT_AD_EE	HYPESKULLS_VT_K_C
HYPESKULLS_VRT_0365	HYPESKULLS_VT_N_E	HYPESKULLS_VT_K_C
HYPESKULLS_VRT_0810	HYPESKULLS_VT_K_C	HYPESKULLS_VT_AC_C
HYPESKULLS_VRT_0905	HYPESKULLS_VT_P_E	HYPESKULLS_VT_N_C
HYPESKULLS_VRT_0649	HYPESKULLS_VT_K_C	HYPESKULLS_VT_G_C
HYPESKULLS_VRT_1280	HYPESKULLS_VT_AD_E	HYPESKULLS_VT_G_E
HYPESKULLS_VRT_0213	HYPESKULLS_VT_G_C	HYPESKULLS_VT_N_E
HYPESKULLS_VRT_1136	HYPESKULLS_VT_V_E	HYPESKULLS_VT_V_E
HYPESKULLS_VRT_0709	HYPESKULLS_VT_R_C	HYPESKULLS_VT_AD_EE
HYPESKULLS_VRT_1411	HYPESKULLS_VT_R_C	HYPESKULLS_VT_Z_C
HYPESKULLS_VRT_1386	HYPESKULLS_VT_M_C	HYPESKULLS_VT_V_C
HYPESKULLS_VRT_1407	HYPESKULLS_VT_AD_E	HYPESKULLS_VT_K_E
HYPESKULLS_VRT_0258	HYPESKULLS_VT_V_C	HYPESKULLS_VT_AD_C
HYPESKULLS_VRT_0786	HYPESKULLS_VT_N_E	HYPESKULLS_VT_R_C
HYPESKULLS_VRT_0143	HYPESKULLS_VT_K_C	HYPESKULLS_VT_AD_C
HYPESKULLS_VRT_1489	HYPESKULLS_VT_G_C	HYPESKULLS_VT_N_E
HYPESKULLS_VRT_1498	HYPESKULLS_VT_AC_C	HYPESKULLS_VT_V_E
HYPESKULLS_VRT_1174	HYPESKULLS_VT_M_C	HYPESKULLS_VT_AD_C
HYPESKULLS_VRT_0451	HYPESKULLS_VT_AD_E	HYPESKULLS_VT_R_C
HYPESKULLS_VRT_0916	HYPESKULLS_VT_R_C	HYPESKULLS_VT_R_E
HYPESKULLS_VRT_0286	HYPESKULLS_VT_AC_C	HYPESKULLS_VT_N_E
HYPESKULLS_VRT_0752	HYPESKULLS_VT_V_E	HYPESKULLS_VT_AD_E
HYPESKULLS_VRT_0166	HYPESKULLS_VT_K_E	HYPESKULLS_VT_P_C
HYPESKULLS_VRT_0686	HYPESKULLS_VT_R_E	HYPESKULLS_VT_AC_E
HYPESKULLS_VRT_0052	HYPESKULLS_VT_V_C	HYPESKULLS_VT_G_C
HYPESKULLS_VRT_0207	HYPESKULLS_VT_G_C	HYPESKULLS_VT_P_C
HYPESKULLS_VRT_1318	HYPESKULLS_VT_M_C	HYPESKULLS_VT_P_E
HYPESKULLS_VRT_0713	HYPESKULLS_VT_P_C	HYPESKULLS_VT_G_C
HYPESKULLS_VRT_0672	HYPESKULLS_VT_V_E	HYPESKULLS_VT_N_E
HYPESKULLS_VRT_0136	HYPESKULLS_VT_AC_C	HYPESKULLS_VT_G_E
HYPESKULLS_VRT_0960	HYPESKULLS_VT_K_C	HYPESKULLS_VT_V_C
HYPESKULLS_VRT_1079	HYPESKULLS_VT_V_E	HYPESKULLS_VT_G_E
HYPESKULLS_VRT_0421	HYPESKULLS_VT_V_C	HYPESKULLS_VT_Z_C
HYPESKULLS_VRT_1391	HYPESKULLS_VT_V_E	HYPESKULLS_VT_AC_C
HYPESKULLS_VRT_0636	HYPESKULLS_VT_K_E	HYPESKULLS_VT_R_C
HYPESKULLS_VRT_1144	HYPESKULLS_VT_R_E	HYPESKULLS_VT_K_E
HYPESKULLS_VRT_0015	HYPESKULLS_VT_AD_EE	HYPESKULLS_VT_AD_E
HYPESKULLS_VRT_0032	HYPESKULLS_VT_P_E	HYPESKULLS_VT_R_E
HYPESKULLS_VRT_0279	HYPESKULLS_VT_V_C	HYPESKULLS_VT_N_E
HYPESKULLS_VRT_0023	HYPESKULLS_VT_R_EE	HYPESKULLS_VT_K_C
HYPESKULLS_VRT_0078	HYPESKULLS_VT_K_C	HYPESKULLS_VT_AC_C
HYPESKULLS_VRT_1126	HYPESKULLS_VT_P_C	HYPESKULLS_VT_AD_C
HYPESKULLS_VRT_0272	HYPESKULLS_VT_R_E	HYPESKULLS_VT_N_C
HYPESKULLS_VRT_0107	HYPESKULLS_VT_R_EE	HYPESKULLS_VT_V_C
HYPESKULLS_VRT_0693	HYPESKULLS_VT_AD_E	HYPESKULLS_VT_V_C
HYPESKULLS_VRT_0705	HYPESKULLS_VT_G_E	HYPESKULLS_VT_AD_E
HYPESKULLS_VRT_1384	HYPESKULLS_VT_M_C	HYPESKULLS_VT_AC_C
HYPESKULLS_VRT_0388	HYPESKULLS_VT_P_C	HYPESKULLS_VT_G_C
HYPESKULLS_VRT_1259	HYPESKULLS_VT_R_C	HYPESKULLS_VT_G_E
HYPESKULLS_VRT_1179	HYPESKULLS_VT_V_E	HYPESKULLS_VT_AD_E
HYPESKULLS_VRT_0997	HYPESKULLS_VT_AD_C	HYPESKULLS_VT_R_C
HYPESKULLS_VRT_0651	HYPESKULLS_VT_V_E	HYPESKULLS_VT_G_E
HYPESKULLS_VRT_0153	HYPESKULLS_VT_P_C	HYPESKULLS_VT_G_C
HYPESKULLS_VRT_0349	HYPESKULLS_VT_R_E	HYPESKULLS_VT_V_C
HYPESKULLS_VRT_1237	HYPESKULLS_VT_V_E	HYPESKULLS_VT_AD_C
HYPESKULLS_VRT_0943	HYPESKULLS_VT_K_C	HYPESKULLS_VT_N_C
HYPESKULLS_VRT_1100	HYPESKULLS_VT_AC_E	HYPESKULLS_VT_G_E
HYPESKULLS_VRT_1349	HYPESKULLS_VT_R_C	HYPESKULLS_VT_AD_E
HYPESKULLS_VRT_0307	HYPESKULLS_VT_R_EE	HYPESKULLS_VT_V_E
HYPESKULLS_VRT_0675	HYPESKULLS_VT_AC_E	HYPESKULLS_VT_K_C
HYPESKULLS_VRT_0295	HYPESKULLS_VT_R_EE	HYPESKULLS_VT_K_C
HYPESKULLS_VRT_0474	HYPESKULLS_VT_AC_C	HYPESKULLS_VT_R_EE
HYPESKULLS_VRT_0599	HYPESKULLS_VT_AD_EE	HYPESKULLS_VT_K_C
HYPESKULLS_VRT_0793	HYPESKULLS_VT_G_C	HYPESKULLS_VT_P_E
HYPESKULLS_VRT_0017	HYPESKULLS_VT_K_E	HYPESKULLS_VT_G_E
HYPESKULLS_VRT_0321	HYPESKULLS_VT_AC_C	HYPESKULLS_VT_G_E
HYPESKULLS_VRT_1249	HYPESKULLS_VT_Z_C	HYPESKULLS_VT_N_C
HYPESKULLS_VRT_0405	HYPESKULLS_VT_AC_C	HYPESKULLS_VT_R_E
HYPESKULLS_VRT_0228	HYPESKULLS_VT_N_C	HYPESKULLS_VT_AD_EE
HYPESKULLS_VRT_1176	HYPESKULLS_VT_AC_E	HYPESKULLS_VT_N_C
HYPESKULLS_VRT_0887	HYPESKULLS_VT_V_E	HYPESKULLS_VT_P_C
HYPESKULLS_VRT_0240	HYPESKULLS_VT_AD_E	HYPESKULLS_VT_V_E
HYPESKULLS_VRT_0558	HYPESKULLS_VT_AC_E	HYPESKULLS_VT_AC_C
HYPESKULLS_VRT_1456	HYPESKULLS_VT_N_E	HYPESKULLS_VT_R_EE
HYPESKULLS_VRT_0571	HYPESKULLS_VT_V_C	HYPESKULLS_VT_R_C
HYPESKULLS_VRT_0995	HYPESKULLS_VT_V_C	HYPESKULLS_VT_K_C
HYPESKULLS_VRT_0609	HYPESKULLS_VT_AC_C	HYPESKULLS_VT_K_C
HYPESKULLS_VRT_1251	HYPESKULLS_VT_K_E	HYPESKULLS_VT_V_E
HYPESKULLS_VRT_1153	HYPESKULLS_VT_M_C	HYPESKULLS_VT_N_E
HYPESKULLS_VRT_0597	HYPESKULLS_VT_G_C	HYPESKULLS_VT_K_C
HYPESKULLS_VRT_0495	HYPESKULLS_VT_AC_C	HYPESKULLS_VT_P_C
HYPESKULLS_VRT_1447	HYPESKULLS_VT_V_E	HYPESKULLS_VT_K_E
HYPESKULLS_VRT_0521	HYPESKULLS_VT_R_E	HYPESKULLS_VT_R_C
HYPESKULLS_VRT_0791	HYPESKULLS_VT_P_C	HYPESKULLS_VT_K_E
HYPESKULLS_VRT_1286	HYPESKULLS_VT_AD_EE	HYPESKULLS_VT_G_C
HYPESKULLS_VRT_0098	HYPESKULLS_VT_AC_C	HYPESKULLS_VT_G_C
HYPESKULLS_VRT_1020	HYPESKULLS_VT_AC_C	HYPESKULLS_VT_R_C
HYPESKULLS_VRT_0639	HYPESKULLS_VT_N_C	HYPESKULLS_VT_K_C
HYPESKULLS_VRT_0124	HYPESKULLS_VT_M_C	HYPESKULLS_VT_AD_EE
HYPESKULLS_VRT_1222	HYPESKULLS_VT_G_E	HYPESKULLS_VT_AC_E
HYPESKULLS_VRT_1377	HYPESKULLS_VT_AC_E	HYPESKULLS_VT_N_C
HYPESKULLS_VRT_1395	HYPESKULLS_VT_N_E	HYPESKULLS_VT_Z_C
HYPESKULLS_VRT_0784	HYPESKULLS_VT_AC_E	HYPESKULLS_VT_R_E
HYPESKULLS_VRT_0259	HYPESKULLS_VT_AC_C	HYPESKULLS_VT_P_E
HYPESKULLS_VRT_1366	HYPESKULLS_VT_P_C	HYPESKULLS_VT_G_E
HYPESKULLS_VRT_1086	HYPESKULLS_VT_G_C	HYPESKULLS_VT_AD_EE
HYPESKULLS_VRT_0110	HYPESKULLS_VT_P_E	HYPESKULLS_VT_AC_C
HYPESKULLS_VRT_0374	HYPESKULLS_VT_K_E	HYPESKULLS_VT_M_C
HYPESKULLS_VRT_0278	HYPESKULLS_VT_G_E	HYPESKULLS_VT_M_C
HYPESKULLS_VRT_1102	HYPESKULLS_VT_M_C	HYPESKULLS_VT_P_C
HYPESKULLS_VRT_1050	HYPESKULLS_VT_Z_C	HYPESKULLS_VT_V_E
HYPESKULLS_VRT_1490	HYPESKULLS_VT_P_C	HYPESKULLS_VT_R_EE
HYPESKULLS_VRT_0607	HYPESKULLS_VT_AD_E	HYPESKULLS_VT_K_E
HYPESKULLS_VRT_0944	HYPESKULLS_VT_AC_E	HYPESKULLS_VT_R_C
HYPESKULLS_VRT_0012	HYPESKULLS_VT_AC_C	HYPESKULLS_VT_V_C
HYPESKULLS_VRT_0669	HYPESKULLS_VT_K_C	HYPESKULLS_VT_P_C
HYPESKULLS_VRT_0277	HYPESKULLS_VT_R_E	HYPESKULLS_VT_AD_E
HYPESKULLS_VRT_0248	HYPESKULLS_VT_AC_E	HYPESKULLS_VT_R_C
HYPESKULLS_VRT_1260	HYPESKULLS_VT_K_C	HYPESKULLS_VT_M_C
HYPESKULLS_VRT_1116	HYPESKULLS_VT_V_E	HYPESKULLS_VT_K_E
HYPESKULLS_VRT_0874	HYPESKULLS_VT_K_E	HYPESKULLS_VT_G_C
HYPESKULLS_VRT_1392	HYPESKULLS_VT_R_E	HYPESKULLS_VT_N_C
HYPESKULLS_VRT_1444	HYPESKULLS_VT_Z_C	HYPESKULLS_VT_V_C
HYPESKULLS_VRT_1401	HYPESKULLS_VT_AD_C	HYPESKULLS_VT_V_E
HYPESKULLS_VRT_1168	HYPESKULLS_VT_G_C	HYPESKULLS_VT_AD_C
HYPESKULLS_VRT_0733	HYPESKULLS_VT_AD_C	HYPESKULLS_VT_P_E
HYPESKULLS_VRT_1000	HYPESKULLS_VT_AD_C	HYPESKULLS_VT_R_E
HYPESKULLS_VRT_0589	HYPESKULLS_VT_G_E	HYPESKULLS_VT_AD_EE
HYPESKULLS_VRT_0561	HYPESKULLS_VT_N_E	HYPESKULLS_VT_K_C
HYPESKULLS_VRT_0083	HYPESKULLS_VT_V_C	HYPESKULLS_VT_P_C
HYPESKULLS_VRT_0839	HYPESKULLS_VT_P_C	HYPESKULLS_VT_Z_C
HYPESKULLS_VRT_0379	HYPESKULLS_VT_AD_E	HYPESKULLS_VT_AD_EE
HYPESKULLS_VRT_1310	HYPESKULLS_VT_AD_E	HYPESKULLS_VT_AD_C
HYPESKULLS_VRT_1289	HYPESKULLS_VT_AD_C	HYPESKULLS_VT_AC_C
HYPESKULLS_VRT_1124	HYPESKULLS_VT_V_C	HYPESKULLS_VT_AD_E
HYPESKULLS_VRT_0165	HYPESKULLS_VT_N_E	HYPESKULLS_VT_R_C
HYPESKULLS_VRT_0002	HYPESKULLS_VT_R_EE	HYPESKULLS_VT_Z_C
HYPESKULLS_VRT_0802	HYPESKULLS_VT_AC_E	HYPESKULLS_VT_V_E
HYPESKULLS_VRT_0811	HYPESKULLS_VT_AD_EE	HYPESKULLS_VT_AD_EE
HYPESKULLS_VRT_0792	HYPESKULLS_VT_R_C	HYPESKULLS_VT_N_E
HYPESKULLS_VRT_0064	HYPESKULLS_VT_N_C	HYPESKULLS_VT_G_C
HYPESKULLS_VRT_1132	HYPESKULLS_VT_P_E	HYPESKULLS_VT_R_C
HYPESKULLS_VRT_0009	HYPESKULLS_VT_G_C	HYPESKULLS_VT_N_E
HYPESKULLS_VRT_0658	HYPESKULLS_VT_G_C	HYPESKULLS_VT_N_E
HYPESKULLS_VRT_0400	HYPESKULLS_VT_AC_E	HYPESKULLS_VT_V_C
HYPESKULLS_VRT_1439	HYPESKULLS_VT_G_C	HYPESKULLS_VT_AD_E
HYPESKULLS_VRT_1434	HYPESKULLS_VT_G_C	HYPESKULLS_VT_AD_E
HYPESKULLS_VRT_1270	HYPESKULLS_VT_AC_C	HYPESKULLS_VT_AD_EE
HYPESKULLS_VRT_0313	HYPESKULLS_VT_P_C	HYPESKULLS_VT_R_EE
HYPESKULLS_VRT_1108	HYPESKULLS_VT_R_C	HYPESKULLS_VT_P_C
HYPESKULLS_VRT_1254	HYPESKULLS_VT_AC_E	HYPESKULLS_VT_G_C
HYPESKULLS_VRT_1468	HYPESKULLS_VT_AD_C	HYPESKULLS_VT_G_C
HYPESKULLS_VRT_0386	HYPESKULLS_VT_P_E	HYPESKULLS_VT_AC_C
HYPESKULLS_VRT_1099	HYPESKULLS_VT_R_EE	HYPESKULLS_VT_M_C
HYPESKULLS_VRT_1339	HYPESKULLS_VT_AD_E	HYPESKULLS_VT_V_E
HYPESKULLS_VRT_0141	HYPESKULLS_VT_Z_C	HYPESKULLS_VT_M_C
HYPESKULLS_VRT_0819	HYPESKULLS_VT_M_C	HYPESKULLS_VT_V_E
HYPESKULLS_VRT_1423	HYPESKULLS_VT_P_C	HYPESKULLS_VT_R_EE
HYPESKULLS_VRT_1157	HYPESKULLS_VT_AD_EE	HYPESKULLS_VT_P_C
HYPESKULLS_VRT_0051	HYPESKULLS_VT_R_EE	HYPESKULLS_VT_P_E
HYPESKULLS_VRT_0803	HYPESKULLS_VT_AD_E	HYPESKULLS_VT_P_C
HYPESKULLS_VRT_0596	HYPESKULLS_VT_R_E	HYPESKULLS_VT_R_C
HYPESKULLS_VRT_1216	HYPESKULLS_VT_R_E	HYPESKULLS_VT_AD_EE
HYPESKULLS_VRT_1304	HYPESKULLS_VT_M_C	HYPESKULLS_VT_R_C
HYPESKULLS_VRT_0547	HYPESKULLS_VT_AD_C	HYPESKULLS_VT_G_E
HYPESKULLS_VRT_0346	HYPESKULLS_VT_K_E	HYPESKULLS_VT_AD_EE
HYPESKULLS_VRT_1009	HYPESKULLS_VT_M_C	HYPESKULLS_VT_AD_EE
HYPESKULLS_VRT_0448	HYPESKULLS_VT_R_E	HYPESKULLS_VT_G_E
HYPESKULLS_VRT_0982	HYPESKULLS_VT_R_EE	HYPESKULLS_VT_AD_E
HYPESKULLS_VRT_0462	HYPESKULLS_VT_R_E	HYPESKULLS_VT_AC_E
HYPESKULLS_VRT_0541	HYPESKULLS_VT_AD_C	HYPESKULLS_VT_G_C
HYPESKULLS_VRT_0233	HYPESKULLS_VT_P_E	HYPESKULLS_VT_K_E
HYPESKULLS_VRT_1477	HYPESKULLS_VT_G_E	HYPESKULLS_VT_AC_C
HYPESKULLS_VRT_0069	HYPESKULLS_VT_AC_C	HYPESKULLS_VT_M_C
HYPESKULLS_VRT_0560	HYPESKULLS_VT_G_C	HYPESKULLS_VT_R_EE
HYPESKULLS_VRT_0536	HYPESKULLS_VT_K_E	HYPESKULLS_VT_AC_E
HYPESKULLS_VRT_1082	HYPESKULLS_VT_N_C	HYPESKULLS_VT_G_E
HYPESKULLS_VRT_1121	HYPESKULLS_VT_Z_E	HYPESKULLS_VT_AD_EE
HYPESKULLS_VRT_0257	HYPESKULLS_VT_Z_E	HYPESKULLS_VT_R_C
HYPESKULLS_VRT_1097	HYPESKULLS_VT_R_EE	HYPESKULLS_VT_K_C
HYPESKULLS_VRT_1370	HYPESKULLS_VT_P_E	HYPESKULLS_VT_V_C
HYPESKULLS_VRT_0774	HYPESKULLS_VT_K_C	HYPESKULLS_VT_M_C
HYPESKULLS_VRT_0548	HYPESKULLS_VT_N_E	HYPESKULLS_VT_R_C
HYPESKULLS_VRT_0091	HYPESKULLS_VT_AD_C	HYPESKULLS_VT_N_E
HYPESKULLS_VRT_0956	HYPESKULLS_VT_AD_C	HYPESKULLS_VT_G_C
HYPESKULLS_VRT_0853	HYPESKULLS_VT_AD_C	HYPESKULLS_VT_R_C
HYPESKULLS_VRT_1322	HYPESKULLS_VT_V_C	HYPESKULLS_VT_AD_E
HYPESKULLS_VRT_0559	HYPESKULLS_VT_AD_EE	HYPESKULLS_VT_Z_C
HYPESKULLS_VRT_1372	HYPESKULLS_VT_R_EE	HYPESKULLS_VT_K_E
HYPESKULLS_VRT_0011	HYPESKULLS_VT_V_E	HYPESKULLS_VT_K_C
HYPESKULLS_VRT_0552	HYPESKULLS_VT_Z_E	HYPESKULLS_VT_P_E
HYPESKULLS_VRT_0200	HYPESKULLS_VT_K_E	HYPESKULLS_VT_G_E
HYPESKULLS_VRT_1410	HYPESKULLS_VT_R_C	HYPESKULLS_VT_AC_C
HYPESKULLS_VRT_0193	HYPESKULLS_VT_P_E	HYPESKULLS_VT_P_C
HYPESKULLS_VRT_0484	HYPESKULLS_VT_R_EE	HYPESKULLS_VT_Z_C
HYPESKULLS_VRT_0242	HYPESKULLS_VT_AC_E	HYPESKULLS_VT_AC_E
HYPESKULLS_VRT_0144	HYPESKULLS_VT_AD_C	HYPESKULLS_VT_V_C
HYPESKULLS_VRT_0338	HYPESKULLS_VT_R_C	HYPESKULLS_VT_V_C
HYPESKULLS_VRT_1061	HYPESKULLS_VT_Z_E	HYPESKULLS_VT_G_E
HYPESKULLS_VRT_0501	HYPESKULLS_VT_N_C	HYPESKULLS_VT_R_C
HYPESKULLS_VRT_0992	HYPESKULLS_VT_V_E	HYPESKULLS_VT_N_E
HYPESKULLS_VRT_1042	HYPESKULLS_VT_K_C	HYPESKULLS_VT_Z_E
HYPESKULLS_VRT_0221	HYPESKULLS_VT_G_E	HYPESKULLS_VT_N_E
HYPESKULLS_VRT_0746	HYPESKULLS_VT_R_E	HYPESKULLS_VT_V_E
HYPESKULLS_VRT_0555	HYPESKULLS_VT_M_C	HYPESKULLS_VT_Z_E
HYPESKULLS_VRT_1133	HYPESKULLS_VT_M_C	HYPESKULLS_VT_R_E
HYPESKULLS_VRT_1236	HYPESKULLS_VT_K_E	HYPESKULLS_VT_P_C
HYPESKULLS_VRT_1369	HYPESKULLS_VT_AD_E	HYPESKULLS_VT_AC_C
HYPESKULLS_VRT_1052	HYPESKULLS_VT_M_C	HYPESKULLS_VT_R_C
HYPESKULLS_VRT_0587	HYPESKULLS_VT_AC_C	HYPESKULLS_VT_AD_E
HYPESKULLS_VRT_0801	HYPESKULLS_VT_AD_C	HYPESKULLS_VT_V_C
HYPESKULLS_VRT_1245	HYPESKULLS_VT_AD_C	HYPESKULLS_VT_R_C
HYPESKULLS_VRT_0486	HYPESKULLS_VT_V_C	HYPESKULLS_VT_AC_E
HYPESKULLS_VRT_1022	HYPESKULLS_VT_N_C	HYPESKULLS_VT_M_C
HYPESKULLS_VRT_0744	HYPESKULLS_VT_R_C	HYPESKULLS_VT_P_E
HYPESKULLS_VRT_0039	HYPESKULLS_VT_V_C	HYPESKULLS_VT_V_E
HYPESKULLS_VRT_1189	HYPESKULLS_VT_R_C	HYPESKULLS_VT_AD_EE
HYPESKULLS_VRT_0710	HYPESKULLS_VT_V_C	HYPESKULLS_VT_G_C
HYPESKULLS_VRT_0418	HYPESKULLS_VT_AD_C	HYPESKULLS_VT_G_C
HYPESKULLS_VRT_0866	HYPESKULLS_VT_P_C	HYPESKULLS_VT_G_E
HYPESKULLS_VRT_0863	HYPESKULLS_VT_Z_C	HYPESKULLS_VT_M_C
HYPESKULLS_VRT_0953	HYPESKULLS_VT_G_E	HYPESKULLS_VT_V_C
HYPESKULLS_VRT_0759	HYPESKULLS_VT_P_C	HYPESKULLS_VT_AD_E
HYPESKULLS_VRT_0203	HYPESKULLS_VT_N_E	HYPESKULLS_VT_R_C
HYPESKULLS_VRT_0883	HYPESKULLS_VT_R_E	HYPESKULLS_VT_R_EE
HYPESKULLS_VRT_0335	HYPESKULLS_VT_K_EE	HYPESKULLS_VT_K_C
HYPESKULLS_VRT_0262	HYPESKULLS_VT_N_E	HYPESKULLS_VT_Z_C
HYPESKULLS_VRT_1075	HYPESKULLS_VT_G_E	HYPESKULLS_VT_AD_EE
HYPESKULLS_VRT_0770	HYPESKULLS_VT_AD_E	HYPESKULLS_VT_R_E
HYPESKULLS_VRT_0514	HYPESKULLS_VT_AC_C	HYPESKULLS_VT_V_E
HYPESKULLS_VRT_0409	HYPESKULLS_VT_V_C	HYPESKULLS_VT_G_E
HYPESKULLS_VRT_0390	HYPESKULLS_VT_P_C	HYPESKULLS_VT_V_C
HYPESKULLS_VRT_1337	HYPESKULLS_VT_V_E	HYPESKULLS_VT_AD_EE
HYPESKULLS_VRT_0577	HYPESKULLS_VT_AD_EE	HYPESKULLS_VT_R_C
HYPESKULLS_VRT_0754	HYPESKULLS_VT_N_E	HYPESKULLS_VT_K_EE
HYPESKULLS_VRT_1046	HYPESKULLS_VT_AD_C	HYPESKULLS_VT_K_C
HYPESKULLS_VRT_1152	HYPESKULLS_VT_N_C	HYPESKULLS_VT_Z_C
HYPESKULLS_VRT_0270	HYPESKULLS_VT_G_E	HYPESKULLS_VT_AD_C
HYPESKULLS_VRT_1053	HYPESKULLS_VT_V_E	HYPESKULLS_VT_AD_E
HYPESKULLS_VRT_0007	HYPESKULLS_VT_Z_E	HYPESKULLS_VT_R_C
HYPESKULLS_VRT_1400	HYPESKULLS_VT_P_C	HYPESKULLS_VT_P_C
HYPESKULLS_VRT_0638	HYPESKULLS_VT_P_C	HYPESKULLS_VT_V_E
HYPESKULLS_VRT_1197	HYPESKULLS_VT_P_C	HYPESKULLS_VT_M_E
HYPESKULLS_VRT_0325	HYPESKULLS_VT_V_E	HYPESKULLS_VT_M_C
HYPESKULLS_VRT_0391	HYPESKULLS_VT_Z_E	HYPESKULLS_VT_AC_E
HYPESKULLS_VRT_0827	HYPESKULLS_VT_G_EE	HYPESKULLS_VT_G_C
HYPESKULLS_VRT_0337	HYPESKULLS_VT_K_C	HYPESKULLS_VT_AC_E
HYPESKULLS_VRT_1202	HYPESKULLS_VT_Z_E	HYPESKULLS_VT_M_C
HYPESKULLS_VRT_0433	HYPESKULLS_VT_G_EE	HYPESKULLS_VT_R_E
HYPESKULLS_VRT_0218	HYPESKULLS_VT_M_C	HYPESKULLS_VT_AD_EE
HYPESKULLS_VRT_0938	HYPESKULLS_VT_Z_E	HYPESKULLS_VT_G_EE
HYPESKULLS_VRT_0260	HYPESKULLS_VT_M_C	HYPESKULLS_VT_AD_E
HYPESKULLS_VRT_0416	HYPESKULLS_VT_P_C	HYPESKULLS_VT_AD_C
HYPESKULLS_VRT_1110	HYPESKULLS_VT_Z_E	HYPESKULLS_VT_R_E
HYPESKULLS_VRT_1242	HYPESKULLS_VT_M_E	HYPESKULLS_VT_Z_C
HYPESKULLS_VRT_0716	HYPESKULLS_VT_AD_EE	HYPESKULLS_VT_Z_C
HYPESKULLS_VRT_1141	HYPESKULLS_VT_R_E	HYPESKULLS_VT_R_C
HYPESKULLS_VRT_0231	HYPESKULLS_VT_K_C	HYPESKULLS_VT_G_E
HYPESKULLS_VRT_0266	HYPESKULLS_VT_K_E	HYPESKULLS_VT_Z_C
HYPESKULLS_VRT_0001	HYPESKULLS_VT_AD_C	HYPESKULLS_VT_AD_E
HYPESKULLS_VRT_0123	HYPESKULLS_VT_N_E	HYPESKULLS_VT_R_E
HYPESKULLS_VRT_0475	HYPESKULLS_VT_N_E	HYPESKULLS_VT_V_C
HYPESKULLS_VRT_1123	HYPESKULLS_VT_M_E	HYPESKULLS_VT_M_C
HYPESKULLS_VRT_1185	HYPESKULLS_VT_G_E	HYPESKULLS_VT_M_C
HYPESKULLS_VRT_0852	HYPESKULLS_VT_P_E	HYPESKULLS_VT_AD_C
HYPESKULLS_VRT_1480	HYPESKULLS_VT_V_E	HYPESKULLS_VT_R_EE
HYPESKULLS_VRT_1201	HYPESKULLS_VT_P_C	HYPESKULLS_VT_P_E
HYPESKULLS_VRT_1191	HYPESKULLS_VT_V_C	HYPESKULLS_VT_N_C
HYPESKULLS_VRT_0578	HYPESKULLS_VT_K_C	HYPESKULLS_VT_P_C
HYPESKULLS_VRT_0159	HYPESKULLS_VT_N_C	HYPESKULLS_VT_G_EE
HYPESKULLS_VRT_0630	HYPESKULLS_VT_Z_E	HYPESKULLS_VT_G_EE
HYPESKULLS_VRT_0790	HYPESKULLS_VT_K_EE	HYPESKULLS_VT_AD_EE
HYPESKULLS_VRT_0357	HYPESKULLS_VT_R_C	HYPESKULLS_VT_AD_EE
HYPESKULLS_VRT_1358	HYPESKULLS_VT_Z_E	HYPESKULLS_VT_R_EE
HYPESKULLS_VRT_0499	HYPESKULLS_VT_V_E	HYPESKULLS_VT_V_E
HYPESKULLS_VRT_1422	HYPESKULLS_VT_G_EE	HYPESKULLS_VT_G_C
HYPESKULLS_VRT_0100	HYPESKULLS_VT_G_E	HYPESKULLS_VT_P_C
HYPESKULLS_VRT_0161	HYPESKULLS_VT_G_EE	HYPESKULLS_VT_AC_E
HYPESKULLS_VRT_1398	HYPESKULLS_VT_AD_E	HYPESKULLS_VT_G_E
HYPESKULLS_VRT_1469	HYPESKULLS_VT_G_C	HYPESKULLS_VT_Z_C
HYPESKULLS_VRT_1083	HYPESKULLS_VT_R_E	HYPESKULLS_VT_V_E
HYPESKULLS_VRT_0717	HYPESKULLS_VT_AC_C	HYPESKULLS_VT_R_C
HYPESKULLS_VRT_1487	HYPESKULLS_VT_AD_E	HYPESKULLS_VT_Z_C
HYPESKULLS_VRT_0619	HYPESKULLS_VT_K_E	HYPESKULLS_VT_K_EE
HYPESKULLS_VRT_0173	HYPESKULLS_VT_G_EE	HYPESKULLS_VT_G_E
HYPESKULLS_VRT_0537	HYPESKULLS_VT_V_E	HYPESKULLS_VT_K_C
HYPESKULLS_VRT_0789	HYPESKULLS_VT_P_C	HYPESKULLS_VT_AC_C
HYPESKULLS_VRT_0116	HYPESKULLS_VT_Z_E	HYPESKULLS_VT_P_E
HYPESKULLS_VRT_1104	HYPESKULLS_VT_G_C	HYPESKULLS_VT_N_E
HYPESKULLS_VRT_1081	HYPESKULLS_VT_N_C	HYPESKULLS_VT_AD_C
HYPESKULLS_VRT_0033	HYPESKULLS_VT_V_E	HYPESKULLS_VT_V_E
HYPESKULLS_VRT_1470	HYPESKULLS_VT_Z_C	HYPESKULLS_VT_G_EE
HYPESKULLS_VRT_1276	HYPESKULLS_VT_P_E	HYPESKULLS_VT_V_E
HYPESKULLS_VRT_0330	HYPESKULLS_VT_R_E	HYPESKULLS_VT_M_C
HYPESKULLS_VRT_0788	HYPESKULLS_VT_R_E	HYPESKULLS_VT_K_E
HYPESKULLS_VRT_0643	HYPESKULLS_VT_P_E	HYPESKULLS_VT_G_EE
HYPESKULLS_VRT_1269	HYPESKULLS_VT_V_E	HYPESKULLS_VT_N_C
HYPESKULLS_VRT_0414	HYPESKULLS_VT_V_E	HYPESKULLS_VT_N_EE
HYPESKULLS_VRT_0569	HYPESKULLS_VT_R_E	HYPESKULLS_VT_Z_C
HYPESKULLS_VRT_1089	HYPESKULLS_VT_V_E	HYPESKULLS_VT_Z_C
HYPESKULLS_VRT_0435	HYPESKULLS_VT_K_EE	HYPESKULLS_VT_G_E
HYPESKULLS_VRT_0332	HYPESKULLS_VT_N_C	HYPESKULLS_VT_P_E
HYPESKULLS_VRT_1247	HYPESKULLS_VT_AC_E	HYPESKULLS_VT_P_E
HYPESKULLS_VRT_0466	HYPESKULLS_VT_R_E	HYPESKULLS_VT_K_C
HYPESKULLS_VRT_0602	HYPESKULLS_VT_Z_C	HYPESKULLS_VT_G_C
HYPESKULLS_VRT_0702	HYPESKULLS_VT_R_C	HYPESKULLS_VT_M_C
HYPESKULLS_VRT_0573	HYPESKULLS_VT_R_EE	HYPESKULLS_VT_Z_C
HYPESKULLS_VRT_0535	HYPESKULLS_VT_AD_EE	HYPESKULLS_VT_K_EE
HYPESKULLS_VRT_0459	HYPESKULLS_VT_AC_C	HYPESKULLS_VT_N_C
HYPESKULLS_VRT_0768	HYPESKULLS_VT_V_E	HYPESKULLS_VT_M_E
HYPESKULLS_VRT_1279	HYPESKULLS_VT_G_EE	HYPESKULLS_VT_V_E
HYPESKULLS_VRT_0513	HYPESKULLS_VT_G_E	HYPESKULLS_VT_AC_C
HYPESKULLS_VRT_1417	HYPESKULLS_VT_V_E	HYPESKULLS_VT_K_C
HYPESKULLS_VRT_1004	HYPESKULLS_VT_G_E	HYPESKULLS_VT_Z_C
HYPESKULLS_VRT_1156	HYPESKULLS_VT_P_C	HYPESKULLS_VT_AC_E
HYPESKULLS_VRT_0948	HYPESKULLS_VT_V_E	HYPESKULLS_VT_P_C
HYPESKULLS_VRT_1192	HYPESKULLS_VT_AD_E	HYPESKULLS_VT_AD_E
HYPESKULLS_VRT_0586	HYPESKULLS_VT_R_E	HYPESKULLS_VT_V_C
HYPESKULLS_VRT_0420	HYPESKULLS_VT_R_C	HYPESKULLS_VT_P_E
HYPESKULLS_VRT_0458	HYPESKULLS_VT_Z_C	HYPESKULLS_VT_G_C
HYPESKULLS_VRT_1414	HYPESKULLS_VT_K_EE	HYPESKULLS_VT_Z_E
HYPESKULLS_VRT_0160	HYPESKULLS_VT_AC_E	HYPESKULLS_VT_R_C
HYPESKULLS_VRT_0567	HYPESKULLS_VT_P_E	HYPESKULLS_VT_N_C
HYPESKULLS_VRT_0699	HYPESKULLS_VT_R_EE	HYPESKULLS_VT_P_E
HYPESKULLS_VRT_1032	HYPESKULLS_VT_AD_C	HYPESKULLS_VT_G_EE
HYPESKULLS_VRT_1015	HYPESKULLS_VT_K_E	HYPESKULLS_VT_K_E
HYPESKULLS_VRT_1243	HYPESKULLS_VT_AD_EE	HYPESKULLS_VT_R_EE
HYPESKULLS_VRT_0715	HYPESKULLS_VT_AD_EE	HYPESKULLS_VT_AC_E
HYPESKULLS_VRT_0915	HYPESKULLS_VT_Z_E	HYPESKULLS_VT_AC_E
HYPESKULLS_VRT_0073	HYPESKULLS_VT_R_E	HYPESKULLS_VT_N_C
HYPESKULLS_VRT_1045	HYPESKULLS_VT_R_E	HYPESKULLS_VT_M_C
HYPESKULLS_VRT_1459	HYPESKULLS_VT_K_C	HYPESKULLS_VT_G_C
HYPESKULLS_VRT_1151	HYPESKULLS_VT_N_E	HYPESKULLS_VT_M_C
HYPESKULLS_VRT_1128	HYPESKULLS_VT_N_C	HYPESKULLS_VT_G_C
HYPESKULLS_VRT_0575	HYPESKULLS_VT_K_E	HYPESKULLS_VT_N_EE
HYPESKULLS_VRT_0868	HYPESKULLS_VT_K_E	HYPESKULLS_VT_AD_EE
HYPESKULLS_VRT_0706	HYPESKULLS_VT_AD_C	HYPESKULLS_VT_G_C
HYPESKULLS_VRT_0334	HYPESKULLS_VT_N_EE	HYPESKULLS_VT_AD_C
HYPESKULLS_VRT_0689	HYPESKULLS_VT_R_E	HYPESKULLS_VT_R_EE
HYPESKULLS_VRT_0824	HYPESKULLS_VT_N_EE	HYPESKULLS_VT_AC_C
HYPESKULLS_VRT_1435	HYPESKULLS_VT_Z_C	HYPESKULLS_VT_AC_E
HYPESKULLS_VRT_0667	HYPESKULLS_VT_M_C	HYPESKULLS_VT_M_C
HYPESKULLS_VRT_0834	HYPESKULLS_VT_P_C	HYPESKULLS_VT_AC_C
HYPESKULLS_VRT_1125	HYPESKULLS_VT_K_E	HYPESKULLS_VT_M_E
HYPESKULLS_VRT_0368	HYPESKULLS_VT_AC_E	HYPESKULLS_VT_V_EE
HYPESKULLS_VRT_0496	HYPESKULLS_VT_K_E	HYPESKULLS_VT_N_E
HYPESKULLS_VRT_1326	HYPESKULLS_VT_K_EE	HYPESKULLS_VT_N_EE
HYPESKULLS_VRT_0980	HYPESKULLS_VT_K_C	HYPESKULLS_VT_N_EE
HYPESKULLS_VRT_0139	HYPESKULLS_VT_G_EE	HYPESKULLS_VT_M_C
HYPESKULLS_VRT_0164	HYPESKULLS_VT_N_C	HYPESKULLS_VT_K_E
HYPESKULLS_VRT_0467	HYPESKULLS_VT_K_EE	HYPESKULLS_VT_AD_E
HYPESKULLS_VRT_0797	HYPESKULLS_VT_P_E	HYPESKULLS_VT_V_EE
HYPESKULLS_VRT_0113	HYPESKULLS_VT_Z_E	HYPESKULLS_VT_R_E
HYPESKULLS_VRT_0434	HYPESKULLS_VT_AD_EE	HYPESKULLS_VT_K_E
HYPESKULLS_VRT_0965	HYPESKULLS_VT_G_EE	HYPESKULLS_VT_R_EE
HYPESKULLS_VRT_0962	HYPESKULLS_VT_Z_E	HYPESKULLS_VT_G_C
HYPESKULLS_VRT_0199	HYPESKULLS_VT_AD_EE	HYPESKULLS_VT_V_E
HYPESKULLS_VRT_0742	HYPESKULLS_VT_R_E	HYPESKULLS_VT_N_E
HYPESKULLS_VRT_1441	HYPESKULLS_VT_R_EE	HYPESKULLS_VT_AC_C
HYPESKULLS_VRT_0664	HYPESKULLS_VT_V_E	HYPESKULLS_VT_R_C
HYPESKULLS_VRT_0382	HYPESKULLS_VT_R_EE	HYPESKULLS_VT_AC_C
HYPESKULLS_VRT_1343	HYPESKULLS_VT_R_C	HYPESKULLS_VT_Z_E
HYPESKULLS_VRT_0601	HYPESKULLS_VT_R_C	HYPESKULLS_VT_AD_EE
HYPESKULLS_VRT_0306	HYPESKULLS_VT_AD_E	HYPESKULLS_VT_N_EE
HYPESKULLS_VRT_1275	HYPESKULLS_VT_R_EE	HYPESKULLS_VT_P_C
HYPESKULLS_VRT_1348	HYPESKULLS_VT_K_EE	HYPESKULLS_VT_P_E
HYPESKULLS_VRT_1495	HYPESKULLS_VT_G_EE	HYPESKULLS_VT_V_C
HYPESKULLS_VRT_1209	HYPESKULLS_VT_N_EE	HYPESKULLS_VT_N_E
HYPESKULLS_VRT_0077	HYPESKULLS_VT_N_C	HYPESKULLS_VT_N_EE
HYPESKULLS_VRT_0076	HYPESKULLS_VT_AC_E	HYPESKULLS_VT_N_C
HYPESKULLS_VRT_1095	HYPESKULLS_VT_AD_E	HYPESKULLS_VT_M_E
HYPESKULLS_VRT_1031	HYPESKULLS_VT_R_E	HYPESKULLS_VT_R_EE
HYPESKULLS_VRT_0063	HYPESKULLS_VT_AC_E	HYPESKULLS_VT_G_EE
HYPESKULLS_VRT_0271	HYPESKULLS_VT_P_C	HYPESKULLS_VT_R_EE
HYPESKULLS_VRT_0319	HYPESKULLS_VT_N_E	HYPESKULLS_VT_AD_EE
HYPESKULLS_VRT_1207	HYPESKULLS_VT_M_E	HYPESKULLS_VT_P_E
HYPESKULLS_VRT_0300	HYPESKULLS_VT_N_EE	HYPESKULLS_VT_R_EE
HYPESKULLS_VRT_0738	HYPESKULLS_VT_N_E	HYPESKULLS_VT_R_C
HYPESKULLS_VRT_1181	HYPESKULLS_VT_R_EE	HYPESKULLS_VT_R_C
HYPESKULLS_VRT_0047	HYPESKULLS_VT_P_E	HYPESKULLS_VT_G_C
HYPESKULLS_VRT_0254	HYPESKULLS_VT_AC_C	HYPESKULLS_VT_V_C
HYPESKULLS_VRT_0424	HYPESKULLS_VT_Z_E	HYPESKULLS_VT_V_C
HYPESKULLS_VRT_0294	HYPESKULLS_VT_N_C	HYPESKULLS_VT_Z_E
HYPESKULLS_VRT_0677	HYPESKULLS_VT_V_C	HYPESKULLS_VT_V_E
HYPESKULLS_VRT_1334	HYPESKULLS_VT_M_E	HYPESKULLS_VT_M_E
HYPESKULLS_VRT_1036	HYPESKULLS_VT_Z_E	HYPESKULLS_VT_Z_E
HYPESKULLS_VRT_0058	HYPESKULLS_VT_G_E	HYPESKULLS_VT_G_EE
HYPESKULLS_VRT_0407	HYPESKULLS_VT_AD_EE	HYPESKULLS_VT_N_C
HYPESKULLS_VRT_0885	HYPESKULLS_VT_R_EE	HYPESKULLS_VT_P_C
HYPESKULLS_VRT_0566	HYPESKULLS_VT_AD_E	HYPESKULLS_VT_AD_E
HYPESKULLS_VRT_0718	HYPESKULLS_VT_AD_C	HYPESKULLS_VT_G_C
HYPESKULLS_VRT_1160	HYPESKULLS_VT_AD_C	HYPESKULLS_VT_P_C
HYPESKULLS_VRT_0415	HYPESKULLS_VT_K_E	HYPESKULLS_VT_N_EE
HYPESKULLS_VRT_0367	HYPESKULLS_VT_N_C	HYPESKULLS_VT_P_C
HYPESKULLS_VRT_0393	HYPESKULLS_VT_R_EE	HYPESKULLS_VT_AD_C
HYPESKULLS_VRT_0429	HYPESKULLS_VT_N_E	HYPESKULLS_VT_N_C
HYPESKULLS_VRT_0730	HYPESKULLS_VT_V_EE	HYPESKULLS_VT_AD_C
HYPESKULLS_VRT_0385	HYPESKULLS_VT_N_EE	HYPESKULLS_VT_V_C
HYPESKULLS_VRT_1338	HYPESKULLS_VT_V_EE	HYPESKULLS_VT_AC_C
HYPESKULLS_VRT_0727	HYPESKULLS_VT_V_C	HYPESKULLS_VT_G_E
HYPESKULLS_VRT_0269	HYPESKULLS_VT_N_E	HYPESKULLS_VT_G_EE
HYPESKULLS_VRT_0394	HYPESKULLS_VT_G_E	HYPESKULLS_VT_R_C
HYPESKULLS_VRT_1311	HYPESKULLS_VT_M_C	HYPESKULLS_VT_V_EE
HYPESKULLS_VRT_0308	HYPESKULLS_VT_AD_C	HYPESKULLS_VT_P_E
HYPESKULLS_VRT_1378	HYPESKULLS_VT_Z_C	HYPESKULLS_VT_G_C
HYPESKULLS_VRT_0934	HYPESKULLS_VT_R_EE	HYPESKULLS_VT_M_E
HYPESKULLS_VRT_1350	HYPESKULLS_VT_G_EE	HYPESKULLS_VT_R_EE
HYPESKULLS_VRT_0402	HYPESKULLS_VT_K_C	HYPESKULLS_VT_G_C
HYPESKULLS_VRT_1406	HYPESKULLS_VT_K_EE	HYPESKULLS_VT_V_C
HYPESKULLS_VRT_1088	HYPESKULLS_VT_M_C	HYPESKULLS_VT_AD_E
HYPESKULLS_VRT_0604	HYPESKULLS_VT_K_EE	HYPESKULLS_VT_M_C
HYPESKULLS_VRT_0135	HYPESKULLS_VT_P_E	HYPESKULLS_VT_K_E
HYPESKULLS_VRT_1057	HYPESKULLS_VT_G_EE	HYPESKULLS_VT_R_EE
HYPESKULLS_VRT_0910	HYPESKULLS_VT_AD_E	HYPESKULLS_VT_AD_C
HYPESKULLS_VRT_0369	HYPESKULLS_VT_K_E	HYPESKULLS_VT_M_C
HYPESKULLS_VRT_1087	HYPESKULLS_VT_R_C	HYPESKULLS_VT_R_C
HYPESKULLS_VRT_0691	HYPESKULLS_VT_V_C	HYPESKULLS_VT_AD_E
HYPESKULLS_VRT_0137	HYPESKULLS_VT_K_EE	HYPESKULLS_VT_AD_EE
HYPESKULLS_VRT_0209	HYPESKULLS_VT_P_E	HYPESKULLS_VT_AC_C
HYPESKULLS_VRT_0508	HYPESKULLS_VT_P_C	HYPESKULLS_VT_V_E
HYPESKULLS_VRT_0676	HYPESKULLS_VT_AD_E	HYPESKULLS_VT_R_EE
HYPESKULLS_VRT_0958	HYPESKULLS_VT_AC_EE	HYPESKULLS_VT_K_C
HYPESKULLS_VRT_0180	HYPESKULLS_VT_V_C	HYPESKULLS_VT_R_E
HYPESKULLS_VRT_0280	HYPESKULLS_VT_AC_EE	HYPESKULLS_VT_N_EE
HYPESKULLS_VRT_0323	HYPESKULLS_VT_G_EE	HYPESKULLS_VT_AC_C
HYPESKULLS_VRT_1204	HYPESKULLS_VT_Z_E	HYPESKULLS_VT_V_C
HYPESKULLS_VRT_1488	HYPESKULLS_VT_AD_E	HYPESKULLS_VT_K_EE
HYPESKULLS_VRT_0310	HYPESKULLS_VT_P_E	HYPESKULLS_VT_V_EE
HYPESKULLS_VRT_0936	HYPESKULLS_VT_AC_E	HYPESKULLS_VT_M_C
HYPESKULLS_VRT_0627	HYPESKULLS_VT_P_E	HYPESKULLS_VT_R_EE
HYPESKULLS_VRT_1018	HYPESKULLS_VT_AC_C	HYPESKULLS_VT_N_E
HYPESKULLS_VRT_0665	HYPESKULLS_VT_AC_C	HYPESKULLS_VT_R_EE
HYPESKULLS_VRT_0094	HYPESKULLS_VT_R_C	HYPESKULLS_VT_G_EE
HYPESKULLS_VRT_0937	HYPESKULLS_VT_V_C	HYPESKULLS_VT_AD_EE
HYPESKULLS_VRT_1183	HYPESKULLS_VT_M_E	HYPESKULLS_VT_R_E
HYPESKULLS_VRT_0623	HYPESKULLS_VT_V_E	HYPESKULLS_VT_N_E
HYPESKULLS_VRT_0115	HYPESKULLS_VT_AC_C	HYPESKULLS_VT_Z_E
HYPESKULLS_VRT_1451	HYPESKULLS_VT_P_C	HYPESKULLS_VT_P_E
HYPESKULLS_VRT_0969	HYPESKULLS_VT_R_E	HYPESKULLS_VT_G_C
HYPESKULLS_VRT_0843	HYPESKULLS_VT_V_C	HYPESKULLS_VT_M_C
HYPESKULLS_VRT_1415	HYPESKULLS_VT_Z_E	HYPESKULLS_VT_V_EE
HYPESKULLS_VRT_1219	HYPESKULLS_VT_N_EE	HYPESKULLS_VT_R_EE
HYPESKULLS_VRT_1424	HYPESKULLS_VT_V_EE	HYPESKULLS_VT_N_C
HYPESKULLS_VRT_0326	HYPESKULLS_VT_AC_C	HYPESKULLS_VT_G_C
HYPESKULLS_VRT_1471	HYPESKULLS_VT_K_C	HYPESKULLS_VT_AC_EE
HYPESKULLS_VRT_1373	HYPESKULLS_VT_M_C	HYPESKULLS_VT_K_C
HYPESKULLS_VRT_0112	HYPESKULLS_VT_R_C	HYPESKULLS_VT_M_E
HYPESKULLS_VRT_0645	HYPESKULLS_VT_R_E	HYPESKULLS_VT_P_C
HYPESKULLS_VRT_0859	HYPESKULLS_VT_AD_C	HYPESKULLS_VT_Z_C
HYPESKULLS_VRT_0178	HYPESKULLS_VT_AC_E	HYPESKULLS_VT_N_E
HYPESKULLS_VRT_0253	HYPESKULLS_VT_G_EE	HYPESKULLS_VT_R_EE
HYPESKULLS_VRT_1130	HYPESKULLS_VT_AC_C	HYPESKULLS_VT_K_E
HYPESKULLS_VRT_1028	HYPESKULLS_VT_AC_EE	HYPESKULLS_VT_M_C
HYPESKULLS_VRT_0361	HYPESKULLS_VT_Z_E	HYPESKULLS_VT_Z_E
HYPESKULLS_VRT_0003	HYPESKULLS_VT_R_EE	HYPESKULLS_VT_AC_C
HYPESKULLS_VRT_1440	HYPESKULLS_VT_M_E	HYPESKULLS_VT_AD_E
HYPESKULLS_VRT_0485	HYPESKULLS_VT_K_C	HYPESKULLS_VT_R_EE
HYPESKULLS_VRT_1008	HYPESKULLS_VT_R_E	HYPESKULLS_VT_M_E
HYPESKULLS_VRT_0762	HYPESKULLS_VT_AC_EE	HYPESKULLS_VT_AD_EE
HYPESKULLS_VRT_0235	HYPESKULLS_VT_G_E	HYPESKULLS_VT_R_EE
HYPESKULLS_VRT_0783	HYPESKULLS_VT_AD_C	HYPESKULLS_VT_Z_C
HYPESKULLS_VRT_0062	HYPESKULLS_VT_G_C	HYPESKULLS_VT_P_E
HYPESKULLS_VRT_0299	HYPESKULLS_VT_K_EE	HYPESKULLS_VT_K_EE
HYPESKULLS_VRT_0114	HYPESKULLS_VT_K_E	HYPESKULLS_VT_Z_C
HYPESKULLS_VRT_0978	HYPESKULLS_VT_G_EE	HYPESKULLS_VT_Z_E
HYPESKULLS_VRT_0871	HYPESKULLS_VT_V_E	HYPESKULLS_VT_K_EE
HYPESKULLS_VRT_0223	HYPESKULLS_VT_M_C	HYPESKULLS_VT_G_E
HYPESKULLS_VRT_0181	HYPESKULLS_VT_R_EE	HYPESKULLS_VT_R_E
HYPESKULLS_VRT_1072	HYPESKULLS_VT_N_E	HYPESKULLS_VT_V_EE
HYPESKULLS_VRT_1353	HYPESKULLS_VT_Z_C	HYPESKULLS_VT_K_EE
HYPESKULLS_VRT_0685	HYPESKULLS_VT_P_E	HYPESKULLS_VT_V_C
HYPESKULLS_VRT_0281	HYPESKULLS_VT_AC_C	HYPESKULLS_VT_G_EE
HYPESKULLS_VRT_1387	HYPESKULLS_VT_Z_C	HYPESKULLS_VT_K_E
HYPESKULLS_VRT_0282	HYPESKULLS_VT_R_E	HYPESKULLS_VT_AC_C
HYPESKULLS_VRT_1323	HYPESKULLS_VT_V_E	HYPESKULLS_VT_K_EE
HYPESKULLS_VRT_0628	HYPESKULLS_VT_M_C	HYPESKULLS_VT_G_EE
HYPESKULLS_VRT_1233	HYPESKULLS_VT_R_EE	HYPESKULLS_VT_G_EE
HYPESKULLS_VRT_1327	HYPESKULLS_VT_P_E	HYPESKULLS_VT_N_EE
HYPESKULLS_VRT_1226	HYPESKULLS_VT_M_C	HYPESKULLS_VT_Z_C
HYPESKULLS_VRT_0588	HYPESKULLS_VT_AC_C	HYPESKULLS_VT_K_E
HYPESKULLS_VRT_0150	HYPESKULLS_VT_N_EE	HYPESKULLS_VT_G_C
HYPESKULLS_VRT_0679	HYPESKULLS_VT_M_E	HYPESKULLS_VT_V_EE
HYPESKULLS_VRT_1267	HYPESKULLS_VT_R_E	HYPESKULLS_VT_G_EE
HYPESKULLS_VRT_0726	HYPESKULLS_VT_AD_E	HYPESKULLS_VT_G_C
HYPESKULLS_VRT_0806	HYPESKULLS_VT_P_E	HYPESKULLS_VT_P_C
HYPESKULLS_VRT_0771	HYPESKULLS_VT_P_E	HYPESKULLS_VT_AC_C
HYPESKULLS_VRT_0246	HYPESKULLS_VT_N_EE	HYPESKULLS_VT_G_C
HYPESKULLS_VRT_1137	HYPESKULLS_VT_V_E	HYPESKULLS_VT_M_E
HYPESKULLS_VRT_0175	HYPESKULLS_VT_AC_E	HYPESKULLS_VT_AC_C
HYPESKULLS_VRT_1274	HYPESKULLS_VT_Z_C	HYPESKULLS_VT_P_EE
HYPESKULLS_VRT_1098	HYPESKULLS_VT_V_C	HYPESKULLS_VT_N_C
HYPESKULLS_VRT_1367	HYPESKULLS_VT_AC_C	HYPESKULLS_VT_Z_EE
HYPESKULLS_VRT_1364	HYPESKULLS_VT_AC_EE	HYPESKULLS_VT_M_E
HYPESKULLS_VRT_1064	HYPESKULLS_VT_K_EE	HYPESKULLS_VT_K_EE
HYPESKULLS_VRT_0526	HYPESKULLS_VT_V_E	HYPESKULLS_VT_V_EE
HYPESKULLS_VRT_0439	HYPESKULLS_VT_P_C	HYPESKULLS_VT_G_EE
HYPESKULLS_VRT_0787	HYPESKULLS_VT_P_C	HYPESKULLS_VT_R_EE
HYPESKULLS_VRT_0336	HYPESKULLS_VT_R_E	HYPESKULLS_VT_V_E
HYPESKULLS_VRT_0815	HYPESKULLS_VT_G_E	HYPESKULLS_VT_V_C
HYPESKULLS_VRT_0766	HYPESKULLS_VT_N_E	HYPESKULLS_VT_R_E
HYPESKULLS_VRT_0331	HYPESKULLS_VT_M_E	HYPESKULLS_VT_P_EE
HYPESKULLS_VRT_0708	HYPESKULLS_VT_M_C	HYPESKULLS_VT_AD_EE
HYPESKULLS_VRT_0622	HYPESKULLS_VT_P_C	HYPESKULLS_VT_AC_E
HYPESKULLS_VRT_0562	HYPESKULLS_VT_AC_EE	HYPESKULLS_VT_AC_EE
HYPESKULLS_VRT_0912	HYPESKULLS_VT_G_EE	HYPESKULLS_VT_M_C
HYPESKULLS_VRT_1483	HYPESKULLS_VT_N_C	HYPESKULLS_VT_R_EE
HYPESKULLS_VRT_0256	HYPESKULLS_VT_V_C	HYPESKULLS_VT_N_C
HYPESKULLS_VRT_1292	HYPESKULLS_VT_AC_EE	HYPESKULLS_VT_M_E
HYPESKULLS_VRT_1012	HYPESKULLS_VT_Z_EE	HYPESKULLS_VT_M_C
HYPESKULLS_VRT_0984	HYPESKULLS_VT_AD_E	HYPESKULLS_VT_AD_E
HYPESKULLS_VRT_0128	HYPESKULLS_VT_AC_E	HYPESKULLS_VT_P_C
HYPESKULLS_VRT_0646	HYPESKULLS_VT_AD_EE	HYPESKULLS_VT_M_E
HYPESKULLS_VRT_0522	HYPESKULLS_VT_P_E	HYPESKULLS_VT_N_EE
HYPESKULLS_VRT_0506	HYPESKULLS_VT_V_C	HYPESKULLS_VT_K_EE
HYPESKULLS_VRT_0951	HYPESKULLS_VT_K_EE	HYPESKULLS_VT_Z_C
HYPESKULLS_VRT_0151	HYPESKULLS_VT_N_C	HYPESKULLS_VT_N_EE
HYPESKULLS_VRT_0398	HYPESKULLS_VT_P_C	HYPESKULLS_VT_K_E
HYPESKULLS_VRT_0796	HYPESKULLS_VT_AD_C	HYPESKULLS_VT_P_EE
HYPESKULLS_VRT_0530	HYPESKULLS_VT_AD_C	HYPESKULLS_VT_Z_EE
HYPESKULLS_VRT_0736	HYPESKULLS_VT_Z_EE	HYPESKULLS_VT_V_C
HYPESKULLS_VRT_0593	HYPESKULLS_VT_AC_E	HYPESKULLS_VT_K_C
HYPESKULLS_VRT_1166	HYPESKULLS_VT_M_E	HYPESKULLS_VT_R_E
HYPESKULLS_VRT_1375	HYPESKULLS_VT_AC_E	HYPESKULLS_VT_P_EE
HYPESKULLS_VRT_0174	HYPESKULLS_VT_AD_EE	HYPESKULLS_VT_N_C
HYPESKULLS_VRT_1163	HYPESKULLS_VT_M_E	HYPESKULLS_VT_V_E
HYPESKULLS_VRT_0360	HYPESKULLS_VT_AC_E	HYPESKULLS_VT_G_E
HYPESKULLS_VRT_0243	HYPESKULLS_VT_G_E	HYPESKULLS_VT_G_C
HYPESKULLS_VRT_0747	HYPESKULLS_VT_AD_EE	HYPESKULLS_VT_K_C
HYPESKULLS_VRT_0572	HYPESKULLS_VT_N_C	HYPESKULLS_VT_V_E
HYPESKULLS_VRT_0428	HYPESKULLS_VT_N_E	HYPESKULLS_VT_N_EE
HYPESKULLS_VRT_0922	HYPESKULLS_VT_R_C	HYPESKULLS_VT_M_E
HYPESKULLS_VRT_0296	HYPESKULLS_VT_N_EE	HYPESKULLS_VT_AC_EE
HYPESKULLS_VRT_0949	HYPESKULLS_VT_V_E	HYPESKULLS_VT_V_C
HYPESKULLS_VRT_1148	HYPESKULLS_VT_K_C	HYPESKULLS_VT_N_C
HYPESKULLS_VRT_0614	HYPESKULLS_VT_R_EE	HYPESKULLS_VT_R_EE
HYPESKULLS_VRT_0087	HYPESKULLS_VT_P_C	HYPESKULLS_VT_P_C
HYPESKULLS_VRT_0212	HYPESKULLS_VT_N_EE	HYPESKULLS_VT_N_E
HYPESKULLS_VRT_0612	HYPESKULLS_VT_P_C	HYPESKULLS_VT_Z_EE
HYPESKULLS_VRT_0129	HYPESKULLS_VT_AC_E	HYPESKULLS_VT_R_E
HYPESKULLS_VRT_0264	HYPESKULLS_VT_N_E	HYPESKULLS_VT_K_E
HYPESKULLS_VRT_0192	HYPESKULLS_VT_P_EE	HYPESKULLS_VT_N_E
HYPESKULLS_VRT_0470	HYPESKULLS_VT_K_E	HYPESKULLS_VT_R_C
HYPESKULLS_VRT_0255	HYPESKULLS_VT_P_C	HYPESKULLS_VT_V_EE
HYPESKULLS_VRT_1283	HYPESKULLS_VT_G_EE	HYPESKULLS_VT_V_EE
HYPESKULLS_VRT_0580	HYPESKULLS_VT_M_E	HYPESKULLS_VT_AD_E
HYPESKULLS_VRT_0195	HYPESKULLS_VT_N_C	HYPESKULLS_VT_V_EE
HYPESKULLS_VRT_0456	HYPESKULLS_VT_AD_EE	HYPESKULLS_VT_AD_EE
HYPESKULLS_VRT_0505	HYPESKULLS_VT_Z_C	HYPESKULLS_VT_R_EE
HYPESKULLS_VRT_1389	HYPESKULLS_VT_R_EE	HYPESKULLS_VT_K_E
HYPESKULLS_VRT_0659	HYPESKULLS_VT_N_E	HYPESKULLS_VT_K_E
HYPESKULLS_VRT_0865	HYPESKULLS_VT_AD_C	HYPESKULLS_VT_G_EE
HYPESKULLS_VRT_0034	HYPESKULLS_VT_R_EE	HYPESKULLS_VT_AC_C
HYPESKULLS_VRT_0283	HYPESKULLS_VT_P_EE	HYPESKULLS_VT_R_E
HYPESKULLS_VRT_1170	HYPESKULLS_VT_G_C	HYPESKULLS_VT_M_E
HYPESKULLS_VRT_0821	HYPESKULLS_VT_P_C	HYPESKULLS_VT_N_E
HYPESKULLS_VRT_1085	HYPESKULLS_VT_N_C	HYPESKULLS_VT_AC_E
HYPESKULLS_VRT_0401	HYPESKULLS_VT_P_EE	HYPESKULLS_VT_AD_E
HYPESKULLS_VRT_0025	HYPESKULLS_VT_M_E	HYPESKULLS_VT_Z_E
HYPESKULLS_VRT_1433	HYPESKULLS_VT_K_C	HYPESKULLS_VT_Z_EE
HYPESKULLS_VRT_0653	HYPESKULLS_VT_V_EE	HYPESKULLS_VT_R_EE
HYPESKULLS_VRT_0410	HYPESKULLS_VT_P_E	HYPESKULLS_VT_V_EE
HYPESKULLS_VRT_0772	HYPESKULLS_VT_V_C	HYPESKULLS_VT_R_C
HYPESKULLS_VRT_1084	HYPESKULLS_VT_V_EE	HYPESKULLS_VT_M_E
HYPESKULLS_VRT_0345	HYPESKULLS_VT_AC_EE	HYPESKULLS_VT_V_EE
HYPESKULLS_VRT_0109	HYPESKULLS_VT_AD_E	HYPESKULLS_VT_N_C
HYPESKULLS_VRT_0728	HYPESKULLS_VT_AD_EE	HYPESKULLS_VT_R_C
HYPESKULLS_VRT_0551	HYPESKULLS_VT_AC_E	HYPESKULLS_VT_Z_EE
HYPESKULLS_VRT_1332	HYPESKULLS_VT_AC_C	HYPESKULLS_VT_K_EE
HYPESKULLS_VRT_1261	HYPESKULLS_VT_P_EE	HYPESKULLS_VT_P_E
HYPESKULLS_VRT_1428	HYPESKULLS_VT_K_EE	HYPESKULLS_VT_V_C
HYPESKULLS_VRT_0353	HYPESKULLS_VT_G_EE	HYPESKULLS_VT_G_E
HYPESKULLS_VRT_1461	HYPESKULLS_VT_V_C	HYPESKULLS_VT_R_EE
HYPESKULLS_VRT_1112	HYPESKULLS_VT_R_E	HYPESKULLS_VT_V_EE
HYPESKULLS_VRT_1352	HYPESKULLS_VT_G_E	HYPESKULLS_VT_K_E
HYPESKULLS_VRT_1010	HYPESKULLS_VT_Z_E	HYPESKULLS_VT_N_C
HYPESKULLS_VRT_0130	HYPESKULLS_VT_AD_EE	HYPESKULLS_VT_R_E
HYPESKULLS_VRT_0538	HYPESKULLS_VT_G_C	HYPESKULLS_VT_AC_C
HYPESKULLS_VRT_1294	HYPESKULLS_VT_Z_E	HYPESKULLS_VT_P_EE
HYPESKULLS_VRT_1394	HYPESKULLS_VT_N_EE	HYPESKULLS_VT_K_E
HYPESKULLS_VRT_0635	HYPESKULLS_VT_R_EE	HYPESKULLS_VT_Z_E
HYPESKULLS_VRT_0172	HYPESKULLS_VT_AC_C	HYPESKULLS_VT_N_EE
HYPESKULLS_VRT_0014	HYPESKULLS_VT_M_C	HYPESKULLS_VT_G_EE
HYPESKULLS_VRT_0681	HYPESKULLS_VT_R_C	HYPESKULLS_VT_AC_E
HYPESKULLS_VRT_0189	HYPESKULLS_VT_G_C	HYPESKULLS_VT_AD_E
HYPESKULLS_VRT_0044	HYPESKULLS_VT_N_C	HYPESKULLS_VT_G_E
HYPESKULLS_VRT_1399	HYPESKULLS_VT_N_EE	HYPESKULLS_VT_N_C
HYPESKULLS_VRT_0527	HYPESKULLS_VT_R_EE	HYPESKULLS_VT_AD_EE
HYPESKULLS_VRT_0648	HYPESKULLS_VT_G_EE	HYPESKULLS_VT_V_E
HYPESKULLS_VRT_0399	HYPESKULLS_VT_M_C	HYPESKULLS_VT_R_EE
HYPESKULLS_VRT_1316	HYPESKULLS_VT_Z_C	HYPESKULLS_VT_G_C
HYPESKULLS_VRT_1139	HYPESKULLS_VT_P_E	HYPESKULLS_VT_AD_C
HYPESKULLS_VRT_0977	HYPESKULLS_VT_K_C	HYPESKULLS_VT_R_C
HYPESKULLS_VRT_0707	HYPESKULLS_VT_Z_EE	HYPESKULLS_VT_G_C
HYPESKULLS_VRT_0148	HYPESKULLS_VT_V_C	HYPESKULLS_VT_AC_C
HYPESKULLS_VRT_0156	HYPESKULLS_VT_G_EE	HYPESKULLS_VT_G_E
HYPESKULLS_VRT_1365	HYPESKULLS_VT_N_EE	HYPESKULLS_VT_Z_E
HYPESKULLS_VRT_1059	HYPESKULLS_VT_N_C	HYPESKULLS_VT_AD_E
HYPESKULLS_VRT_1329	HYPESKULLS_VT_G_C	HYPESKULLS_VT_P_E
HYPESKULLS_VRT_0249	HYPESKULLS_VT_Z_E	HYPESKULLS_VT_G_EE
HYPESKULLS_VRT_1114	HYPESKULLS_VT_AD_C	HYPESKULLS_VT_R_E
HYPESKULLS_VRT_0844	HYPESKULLS_VT_R_EE	HYPESKULLS_VT_V_E
HYPESKULLS_VRT_0222	HYPESKULLS_VT_P_E	HYPESKULLS_VT_P_E
HYPESKULLS_VRT_0554	HYPESKULLS_VT_P_C	HYPESKULLS_VT_M_C
HYPESKULLS_VRT_1278	HYPESKULLS_VT_M_E	HYPESKULLS_VT_V_C
HYPESKULLS_VRT_0426	HYPESKULLS_VT_P_EE	HYPESKULLS_VT_V_EE
HYPESKULLS_VRT_1473	HYPESKULLS_VT_AD_C	HYPESKULLS_VT_P_E
HYPESKULLS_VRT_0823	HYPESKULLS_VT_AC_EE	HYPESKULLS_VT_R_E
HYPESKULLS_VRT_0779	HYPESKULLS_VT_R_E	HYPESKULLS_VT_AC_C
HYPESKULLS_VRT_0423	HYPESKULLS_VT_G_E	HYPESKULLS_VT_AD_C
HYPESKULLS_VRT_0121	HYPESKULLS_VT_P_E	HYPESKULLS_VT_V_C
HYPESKULLS_VRT_0026	HYPESKULLS_VT_V_EE	HYPESKULLS_VT_AD_EE
HYPESKULLS_VRT_0829	HYPESKULLS_VT_P_E	HYPESKULLS_VT_K_EE
HYPESKULLS_VRT_0812	HYPESKULLS_VT_G_C	HYPESKULLS_VT_N_E
HYPESKULLS_VRT_0846	HYPESKULLS_VT_N_E	HYPESKULLS_VT_M_E
HYPESKULLS_VRT_0490	HYPESKULLS_VT_R_EE	HYPESKULLS_VT_P_C
HYPESKULLS_VRT_0780	HYPESKULLS_VT_P_E	HYPESKULLS_VT_K_C
HYPESKULLS_VRT_0387	HYPESKULLS_VT_N_C	HYPESKULLS_VT_P_E
HYPESKULLS_VRT_0084	HYPESKULLS_VT_N_C	HYPESKULLS_VT_Z_EE
HYPESKULLS_VRT_0531	HYPESKULLS_VT_Z_C	HYPESKULLS_VT_P_E
HYPESKULLS_VRT_0925	HYPESKULLS_VT_P_E	HYPESKULLS_VT_AC_EE
HYPESKULLS_VRT_1493	HYPESKULLS_VT_P_C	HYPESKULLS_VT_N_EE
HYPESKULLS_VRT_0847	HYPESKULLS_VT_AD_C	HYPESKULLS_VT_P_C
HYPESKULLS_VRT_1066	HYPESKULLS_VT_N_EE	HYPESKULLS_VT_P_C
HYPESKULLS_VRT_0134	HYPESKULLS_VT_N_EE	HYPESKULLS_VT_G_EE
HYPESKULLS_VRT_0318	HYPESKULLS_VT_M_C	HYPESKULLS_VT_AC_E
HYPESKULLS_VRT_1452	HYPESKULLS_VT_P_EE	HYPESKULLS_VT_G_E
HYPESKULLS_VRT_0890	HYPESKULLS_VT_K_E	HYPESKULLS_VT_P_C
HYPESKULLS_VRT_0518	HYPESKULLS_VT_AD_C	HYPESKULLS_VT_G_EE
HYPESKULLS_VRT_0850	HYPESKULLS_VT_P_E	HYPESKULLS_VT_R_E
HYPESKULLS_VRT_0422	HYPESKULLS_VT_P_C	HYPESKULLS_VT_V_EE
HYPESKULLS_VRT_1244	HYPESKULLS_VT_M_E	HYPESKULLS_VT_M_C
HYPESKULLS_VRT_0862	HYPESKULLS_VT_V_E	HYPESKULLS_VT_N_C
HYPESKULLS_VRT_0986	HYPESKULLS_VT_AD_C	HYPESKULLS_VT_G_EE
HYPESKULLS_VRT_1412	HYPESKULLS_VT_V_EE	HYPESKULLS_VT_M_C
HYPESKULLS_VRT_0455	HYPESKULLS_VT_M_C	HYPESKULLS_VT_V_C
HYPESKULLS_VRT_1228	HYPESKULLS_VT_M_E	HYPESKULLS_VT_AD_C
HYPESKULLS_VRT_0494	HYPESKULLS_VT_Z_E	HYPESKULLS_VT_K_E
HYPESKULLS_VRT_1105	HYPESKULLS_VT_AD_C	HYPESKULLS_VT_AC_C
HYPESKULLS_VRT_0327	HYPESKULLS_VT_G_C	HYPESKULLS_VT_AD_E
HYPESKULLS_VRT_1119	HYPESKULLS_VT_Z_C	HYPESKULLS_VT_V_C
HYPESKULLS_VRT_0755	HYPESKULLS_VT_M_C	HYPESKULLS_VT_AC_E
HYPESKULLS_VRT_0157	HYPESKULLS_VT_G_C	HYPESKULLS_VT_AC_E
HYPESKULLS_VRT_1379	HYPESKULLS_VT_P_E	HYPESKULLS_VT_V_C
HYPESKULLS_VRT_0210	HYPESKULLS_VT_G_C	HYPESKULLS_VT_Z_C
HYPESKULLS_VRT_1246	HYPESKULLS_VT_N_EE	HYPESKULLS_VT_Z_EE
HYPESKULLS_VRT_1427	HYPESKULLS_VT_Z_E	HYPESKULLS_VT_G_EE
HYPESKULLS_VRT_0071	HYPESKULLS_VT_AD_C	HYPESKULLS_VT_Z_C
HYPESKULLS_VRT_0163	HYPESKULLS_VT_AC_E	HYPESKULLS_VT_N_EE
HYPESKULLS_VRT_0370	HYPESKULLS_VT_AC_EE	HYPESKULLS_VT_R_EE
HYPESKULLS_VRT_0219	HYPESKULLS_VT_R_EE	HYPESKULLS_VT_M_C
HYPESKULLS_VRT_1023	HYPESKULLS_VT_P_C	HYPESKULLS_VT_AD_E
HYPESKULLS_VRT_0461	HYPESKULLS_VT_R_EE	HYPESKULLS_VT_AC_EE
HYPESKULLS_VRT_0355	HYPESKULLS_VT_Z_EE	HYPESKULLS_VT_AC_C
HYPESKULLS_VRT_0563	HYPESKULLS_VT_AC_E	HYPESKULLS_VT_V_EE
HYPESKULLS_VRT_1051	HYPESKULLS_VT_Z_E	HYPESKULLS_VT_G_E
HYPESKULLS_VRT_0118	HYPESKULLS_VT_R_E	HYPESKULLS_VT_K_E
HYPESKULLS_VRT_0775	HYPESKULLS_VT_R_C	HYPESKULLS_VT_AC_E
HYPESKULLS_VRT_0914	HYPESKULLS_VT_AC_C	HYPESKULLS_VT_V_EE
HYPESKULLS_VRT_0763	HYPESKULLS_VT_K_E	HYPESKULLS_VT_Z_E
HYPESKULLS_VRT_0820	HYPESKULLS_VT_Z_E	HYPESKULLS_VT_M_C
HYPESKULLS_VRT_0889	HYPESKULLS_VT_N_E	HYPESKULLS_VT_R_EE
HYPESKULLS_VRT_0488	HYPESKULLS_VT_M_E	HYPESKULLS_VT_AD_C
HYPESKULLS_VRT_0080	HYPESKULLS_VT_V_E	HYPESKULLS_VT_G_E
HYPESKULLS_VRT_0384	HYPESKULLS_VT_N_E	HYPESKULLS_VT_M_C
HYPESKULLS_VRT_1021	HYPESKULLS_VT_M_C	HYPESKULLS_VT_K_E
HYPESKULLS_VRT_1443	HYPESKULLS_VT_G_C	HYPESKULLS_VT_N_C
HYPESKULLS_VRT_0856	HYPESKULLS_VT_G_EE	HYPESKULLS_VT_R_EE
HYPESKULLS_VRT_0946	HYPESKULLS_VT_AC_C	HYPESKULLS_VT_V_C
HYPESKULLS_VRT_0692	HYPESKULLS_VT_M_E	HYPESKULLS_VT_R_C
HYPESKULLS_VRT_0654	HYPESKULLS_VT_AD_E	HYPESKULLS_VT_Z_C
HYPESKULLS_VRT_0928	HYPESKULLS_VT_N_E	HYPESKULLS_VT_AD_EE
HYPESKULLS_VRT_0247	HYPESKULLS_VT_P_C	HYPESKULLS_VT_G_EE
HYPESKULLS_VRT_0899	HYPESKULLS_VT_P_C	HYPESKULLS_VT_AD_E
HYPESKULLS_VRT_0921	HYPESKULLS_VT_R_E	HYPESKULLS_VT_K_C
HYPESKULLS_VRT_0290	HYPESKULLS_VT_R_EE	HYPESKULLS_VT_P_E
HYPESKULLS_VRT_0224	HYPESKULLS_VT_Z_E	HYPESKULLS_VT_P_EE
HYPESKULLS_VRT_0776	HYPESKULLS_VT_AC_E	HYPESKULLS_VT_N_EE
HYPESKULLS_VRT_0967	HYPESKULLS_VT_M_E	HYPESKULLS_VT_AD_EE
HYPESKULLS_VRT_0498	HYPESKULLS_VT_K_E	HYPESKULLS_VT_V_C
HYPESKULLS_VRT_1037	HYPESKULLS_VT_R_EE	HYPESKULLS_VT_AC_EE
HYPESKULLS_VRT_1117	HYPESKULLS_VT_N_EE	HYPESKULLS_VT_P_E
HYPESKULLS_VRT_0168	HYPESKULLS_VT_N_E	HYPESKULLS_VT_N_C
HYPESKULLS_VRT_0998	HYPESKULLS_VT_V_C	HYPESKULLS_VT_AD_C
HYPESKULLS_VRT_0683	HYPESKULLS_VT_R_E	HYPESKULLS_VT_N_EE
HYPESKULLS_VRT_0515	HYPESKULLS_VT_N_C	HYPESKULLS_VT_P_E
HYPESKULLS_VRT_0851	HYPESKULLS_VT_AD_C	HYPESKULLS_VT_G_EE
HYPESKULLS_VRT_0633	HYPESKULLS_VT_G_E	HYPESKULLS_VT_K_C
HYPESKULLS_VRT_0138	HYPESKULLS_VT_AC_E	HYPESKULLS_VT_AC_E
HYPESKULLS_VRT_1215	HYPESKULLS_VT_Z_C	HYPESKULLS_VT_G_EE
HYPESKULLS_VRT_0021	HYPESKULLS_VT_M_EE	HYPESKULLS_VT_P_C
HYPESKULLS_VRT_1162	HYPESKULLS_VT_V_C	HYPESKULLS_VT_P_EE
HYPESKULLS_VRT_0120	HYPESKULLS_VT_N_EE	HYPESKULLS_VT_P_E
HYPESKULLS_VRT_0682	HYPESKULLS_VT_R_E	HYPESKULLS_VT_N_E
HYPESKULLS_VRT_0594	HYPESKULLS_VT_G_EE	HYPESKULLS_VT_P_C
HYPESKULLS_VRT_0703	HYPESKULLS_VT_AC_EE	HYPESKULLS_VT_M_EE
HYPESKULLS_VRT_0919	HYPESKULLS_VT_Z_E	HYPESKULLS_VT_AD_E
HYPESKULLS_VRT_0297	HYPESKULLS_VT_M_C	HYPESKULLS_VT_V_EE
HYPESKULLS_VRT_0268	HYPESKULLS_VT_G_C	HYPESKULLS_VT_R_E
HYPESKULLS_VRT_0860	HYPESKULLS_VT_P_EE	HYPESKULLS_VT_N_C
HYPESKULLS_VRT_0525	HYPESKULLS_VT_Z_E	HYPESKULLS_VT_R_EE
HYPESKULLS_VRT_0720	HYPESKULLS_VT_G_E	HYPESKULLS_VT_M_E
HYPESKULLS_VRT_0592	HYPESKULLS_VT_AC_EE	HYPESKULLS_VT_R_E
HYPESKULLS_VRT_1341	HYPESKULLS_VT_M_EE	HYPESKULLS_VT_AD_E
HYPESKULLS_VRT_0287	HYPESKULLS_VT_G_E	HYPESKULLS_VT_V_EE
HYPESKULLS_VRT_1293	HYPESKULLS_VT_Z_E	HYPESKULLS_VT_Z_EE
HYPESKULLS_VRT_1073	HYPESKULLS_VT_M_E	HYPESKULLS_VT_Z_E
HYPESKULLS_VRT_0721	HYPESKULLS_VT_AD_C	HYPESKULLS_VT_K_E
HYPESKULLS_VRT_0215	HYPESKULLS_VT_G_C	HYPESKULLS_VT_P_C
HYPESKULLS_VRT_0749	HYPESKULLS_VT_R_C	HYPESKULLS_VT_V_EE
HYPESKULLS_VRT_1313	HYPESKULLS_VT_M_C	HYPESKULLS_VT_AC_C
HYPESKULLS_VRT_0147	HYPESKULLS_VT_G_C	HYPESKULLS_VT_G_C
HYPESKULLS_VRT_1014	HYPESKULLS_VT_K_EE	HYPESKULLS_VT_Z_EE
HYPESKULLS_VRT_1186	HYPESKULLS_VT_Z_EE	HYPESKULLS_VT_K_E
HYPESKULLS_VRT_0348	HYPESKULLS_VT_N_E	HYPESKULLS_VT_N_E
HYPESKULLS_VRT_0104	HYPESKULLS_VT_Z_E	HYPESKULLS_VT_R_E
HYPESKULLS_VRT_1290	HYPESKULLS_VT_AD_EE	HYPESKULLS_VT_M_E
HYPESKULLS_VRT_0220	HYPESKULLS_VT_G_EE	HYPESKULLS_VT_K_E
HYPESKULLS_VRT_1056	HYPESKULLS_VT_K_E	HYPESKULLS_VT_M_C
HYPESKULLS_VRT_0417	HYPESKULLS_VT_P_E	HYPESKULLS_VT_AC_E
HYPESKULLS_VRT_0624	HYPESKULLS_VT_R_EE	HYPESKULLS_VT_V_E
HYPESKULLS_VRT_0987	HYPESKULLS_VT_M_E	HYPESKULLS_VT_R_EE
HYPESKULLS_VRT_1184	HYPESKULLS_VT_Z_C	HYPESKULLS_VT_AD_EE
HYPESKULLS_VRT_0182	HYPESKULLS_VT_AD_E	HYPESKULLS_VT_K_E
HYPESKULLS_VRT_0926	HYPESKULLS_VT_N_E	HYPESKULLS_VT_R_E
HYPESKULLS_VRT_0778	HYPESKULLS_VT_M_C	HYPESKULLS_VT_AC_C
HYPESKULLS_VRT_1138	HYPESKULLS_VT_G_C	HYPESKULLS_VT_N_E
HYPESKULLS_VRT_0176	HYPESKULLS_VT_M_E	HYPESKULLS_VT_P_EE
HYPESKULLS_VRT_1005	HYPESKULLS_VT_P_C	HYPESKULLS_VT_R_EE
HYPESKULLS_VRT_0250	HYPESKULLS_VT_M_C	HYPESKULLS_VT_Z_E
HYPESKULLS_VRT_1070	HYPESKULLS_VT_V_C	HYPESKULLS_VT_AD_EE
HYPESKULLS_VRT_0356	HYPESKULLS_VT_AD_EE	HYPESKULLS_VT_N_E
HYPESKULLS_VRT_0838	HYPESKULLS_VT_K_EE	HYPESKULLS_VT_P_E
HYPESKULLS_VRT_0202	HYPESKULLS_VT_K_C	HYPESKULLS_VT_R_E
HYPESKULLS_VRT_1203	HYPESKULLS_VT_M_C	HYPESKULLS_VT_AC_EE
HYPESKULLS_VRT_1171	HYPESKULLS_VT_AC_E	HYPESKULLS_VT_V_C
HYPESKULLS_VRT_0940	HYPESKULLS_VT_V_E	HYPESKULLS_VT_N_EE
HYPESKULLS_VRT_1368	HYPESKULLS_VT_K_C	HYPESKULLS_VT_R_C
HYPESKULLS_VRT_0364	HYPESKULLS_VT_K_E	HYPESKULLS_VT_R_E
HYPESKULLS_VRT_0909	HYPESKULLS_VT_AD_E	HYPESKULLS_VT_R_EE
HYPESKULLS_VRT_1496	HYPESKULLS_VT_R_EE	HYPESKULLS_VT_P_C
HYPESKULLS_VRT_0372	HYPESKULLS_VT_AD_EE	HYPESKULLS_VT_R_E
HYPESKULLS_VRT_1347	HYPESKULLS_VT_P_C	HYPESKULLS_VT_N_C
HYPESKULLS_VRT_0074	HYPESKULLS_VT_N_EE	HYPESKULLS_VT_AD_E
HYPESKULLS_VRT_1146	HYPESKULLS_VT_P_C	HYPESKULLS_VT_P_E
HYPESKULLS_VRT_0931	HYPESKULLS_VT_N_EE	HYPESKULLS_VT_N_EE
HYPESKULLS_VRT_0816	HYPESKULLS_VT_AD_E	HYPESKULLS_VT_R_E
HYPESKULLS_VRT_1356	HYPESKULLS_VT_N_E	HYPESKULLS_VT_Z_C
HYPESKULLS_VRT_0964	HYPESKULLS_VT_P_C	HYPESKULLS_VT_N_EE
HYPESKULLS_VRT_0381	HYPESKULLS_VT_M_EE	HYPESKULLS_VT_AD_EE
HYPESKULLS_VRT_0483	HYPESKULLS_VT_K_C	HYPESKULLS_VT_K_C
HYPESKULLS_VRT_1402	HYPESKULLS_VT_K_E	HYPESKULLS_VT_K_E
HYPESKULLS_VRT_0973	HYPESKULLS_VT_M_E	HYPESKULLS_VT_AC_C
HYPESKULLS_VRT_0917	HYPESKULLS_VT_N_C	HYPESKULLS_VT_Z_E
HYPESKULLS_VRT_1214	HYPESKULLS_VT_G_E	HYPESKULLS_VT_K_E
HYPESKULLS_VRT_0040	HYPESKULLS_VT_AC_EE	HYPESKULLS_VT_K_EE
HYPESKULLS_VRT_1253	HYPESKULLS_VT_P_E	HYPESKULLS_VT_K_EE
HYPESKULLS_VRT_0544	HYPESKULLS_VT_N_C	HYPESKULLS_VT_N_EE
HYPESKULLS_VRT_1500	HYPESKULLS_VT_N_EE	HYPESKULLS_VT_AC_EE
HYPESKULLS_VRT_0670	HYPESKULLS_VT_R_C	HYPESKULLS_VT_G_EE
HYPESKULLS_VRT_1076	HYPESKULLS_VT_G_E	HYPESKULLS_VT_K_EE
HYPESKULLS_VRT_1217	HYPESKULLS_VT_K_E	HYPESKULLS_VT_N_E
HYPESKULLS_VRT_1335	HYPESKULLS_VT_AC_EE	HYPESKULLS_VT_P_C
HYPESKULLS_VRT_1111	HYPESKULLS_VT_AC_E	HYPESKULLS_VT_K_EE
HYPESKULLS_VRT_0620	HYPESKULLS_VT_P_EE	HYPESKULLS_VT_Z_EE
HYPESKULLS_VRT_0637	HYPESKULLS_VT_AD_EE	HYPESKULLS_VT_P_EE
HYPESKULLS_VRT_0413	HYPESKULLS_VT_K_E	HYPESKULLS_VT_R_E
HYPESKULLS_VRT_0656	HYPESKULLS_VT_K_C	HYPESKULLS_VT_P_EE
HYPESKULLS_VRT_0550	HYPESKULLS_VT_N_C	HYPESKULLS_VT_R_E
HYPESKULLS_VRT_0162	HYPESKULLS_VT_P_EE	HYPESKULLS_VT_G_EE
HYPESKULLS_VRT_0438	HYPESKULLS_VT_Z_C	HYPESKULLS_VT_N_C
HYPESKULLS_VRT_0632	HYPESKULLS_VT_G_C	HYPESKULLS_VT_V_EE
HYPESKULLS_VRT_1340	HYPESKULLS_VT_G_EE	HYPESKULLS_VT_R_EE
HYPESKULLS_VRT_0503	HYPESKULLS_VT_N_C	HYPESKULLS_VT_K_E
HYPESKULLS_VRT_0473	HYPESKULLS_VT_Z_E	HYPESKULLS_VT_R_C
HYPESKULLS_VRT_0509	HYPESKULLS_VT_R_E	HYPESKULLS_VT_AD_E
HYPESKULLS_VRT_1281	HYPESKULLS_VT_N_EE	HYPESKULLS_VT_V_E
HYPESKULLS_VRT_1458	HYPESKULLS_VT_M_EE	HYPESKULLS_VT_AD_EE
HYPESKULLS_VRT_1499	HYPESKULLS_VT_K_EE	HYPESKULLS_VT_Z_E
HYPESKULLS_VRT_0855	HYPESKULLS_VT_N_C	HYPESKULLS_VT_V_E
HYPESKULLS_VRT_1381	HYPESKULLS_VT_M_E	HYPESKULLS_VT_AC_EE
HYPESKULLS_VRT_0024	HYPESKULLS_VT_V_C	HYPESKULLS_VT_G_EE
HYPESKULLS_VRT_0568	HYPESKULLS_VT_P_EE	HYPESKULLS_VT_P_E
HYPESKULLS_VRT_0263	HYPESKULLS_VT_Z_C	HYPESKULLS_VT_AC_C
HYPESKULLS_VRT_1120	HYPESKULLS_VT_P_E	HYPESKULLS_VT_N_C
HYPESKULLS_VRT_0208	HYPESKULLS_VT_AC_C	HYPESKULLS_VT_N_C
HYPESKULLS_VRT_0022	HYPESKULLS_VT_K_E	HYPESKULLS_VT_N_EE
HYPESKULLS_VRT_0437	HYPESKULLS_VT_P_EE	HYPESKULLS_VT_AC_E
HYPESKULLS_VRT_1491	HYPESKULLS_VT_R_C	HYPESKULLS_VT_K_E
HYPESKULLS_VRT_0988	HYPESKULLS_VT_K_C	HYPESKULLS_VT_K_EE
HYPESKULLS_VRT_0261	HYPESKULLS_VT_V_EE	HYPESKULLS_VT_Z_C
HYPESKULLS_VRT_1291	HYPESKULLS_VT_R_C	HYPESKULLS_VT_N_C
HYPESKULLS_VRT_1305	HYPESKULLS_VT_M_E	HYPESKULLS_VT_V_C
HYPESKULLS_VRT_0066	HYPESKULLS_VT_Z_C	HYPESKULLS_VT_R_EE
HYPESKULLS_VRT_0322	HYPESKULLS_VT_M_E	HYPESKULLS_VT_AC_E
HYPESKULLS_VRT_0276	HYPESKULLS_VT_N_C	HYPESKULLS_VT_V_EE
HYPESKULLS_VRT_0782	HYPESKULLS_VT_K_EE	HYPESKULLS_VT_P_EE
HYPESKULLS_VRT_0239	HYPESKULLS_VT_M_EE	HYPESKULLS_VT_Z_C
HYPESKULLS_VRT_1024	HYPESKULLS_VT_M_C	HYPESKULLS_VT_V_E
HYPESKULLS_VRT_1154	HYPESKULLS_VT_R_EE	HYPESKULLS_VT_R_C
HYPESKULLS_VRT_0687	HYPESKULLS_VT_G_C	HYPESKULLS_VT_N_C
HYPESKULLS_VRT_0991	HYPESKULLS_VT_G_E	HYPESKULLS_VT_G_C
HYPESKULLS_VRT_1205	HYPESKULLS_VT_M_EE	HYPESKULLS_VT_P_EE
HYPESKULLS_VRT_0697	HYPESKULLS_VT_AC_EE	HYPESKULLS_VT_Z_E
HYPESKULLS_VRT_0018	HYPESKULLS_VT_Z_E	HYPESKULLS_VT_N_C
HYPESKULLS_VRT_1193	HYPESKULLS_VT_N_C	HYPESKULLS_VT_K_EE
HYPESKULLS_VRT_0108	HYPESKULLS_VT_K_C	HYPESKULLS_VT_AC_EE
HYPESKULLS_VRT_0305	HYPESKULLS_VT_N_E	HYPESKULLS_VT_AC_C
HYPESKULLS_VRT_1221	HYPESKULLS_VT_Z_E	HYPESKULLS_VT_AC_C
HYPESKULLS_VRT_0613	HYPESKULLS_VT_P_EE	HYPESKULLS_VT_M_C
HYPESKULLS_VRT_1464	HYPESKULLS_VT_M_C	HYPESKULLS_VT_Z_EE
HYPESKULLS_VRT_1403	HYPESKULLS_VT_AC_C	HYPESKULLS_VT_AD_E
HYPESKULLS_VRT_0808	HYPESKULLS_VT_K_C	HYPESKULLS_VT_K_EE
HYPESKULLS_VRT_0020	HYPESKULLS_VT_K_C	HYPESKULLS_VT_R_C
HYPESKULLS_VRT_1002	HYPESKULLS_VT_P_C	HYPESKULLS_VT_P_EE
HYPESKULLS_VRT_1129	HYPESKULLS_VT_AC_C	HYPESKULLS_VT_Z_C
HYPESKULLS_VRT_0476	HYPESKULLS_VT_AC_E	HYPESKULLS_VT_V_E
HYPESKULLS_VRT_0767	HYPESKULLS_VT_K_EE	HYPESKULLS_VT_M_E
HYPESKULLS_VRT_0556	HYPESKULLS_VT_P_E	HYPESKULLS_VT_AC_C
HYPESKULLS_VRT_1131	HYPESKULLS_VT_V_EE	HYPESKULLS_VT_N_EE
HYPESKULLS_VRT_1113	HYPESKULLS_VT_AD_EE	HYPESKULLS_VT_K_E
HYPESKULLS_VRT_0873	HYPESKULLS_VT_R_E	HYPESKULLS_VT_AD_E
HYPESKULLS_VRT_0840	HYPESKULLS_VT_AD_EE	HYPESKULLS_VT_V_C
HYPESKULLS_VRT_0216	HYPESKULLS_VT_V_EE	HYPESKULLS_VT_M_EE
HYPESKULLS_VRT_0205	HYPESKULLS_VT_G_C	HYPESKULLS_VT_AD_C
HYPESKULLS_VRT_1425	HYPESKULLS_VT_G_E	HYPESKULLS_VT_N_E
HYPESKULLS_VRT_0119	HYPESKULLS_VT_AC_C	HYPESKULLS_VT_G_EE
HYPESKULLS_VRT_0093	HYPESKULLS_VT_AD_EE	HYPESKULLS_VT_M_E
HYPESKULLS_VRT_1029	HYPESKULLS_VT_M_E	HYPESKULLS_VT_Z_EE
HYPESKULLS_VRT_0371	HYPESKULLS_VT_R_C	HYPESKULLS_VT_N_C
HYPESKULLS_VRT_0500	HYPESKULLS_VT_V_EE	HYPESKULLS_VT_M_EE
HYPESKULLS_VRT_0935	HYPESKULLS_VT_V_C	HYPESKULLS_VT_N_C
HYPESKULLS_VRT_0146	HYPESKULLS_VT_P_EE	HYPESKULLS_VT_N_C
HYPESKULLS_VRT_1177	HYPESKULLS_VT_N_C	HYPESKULLS_VT_K_E
HYPESKULLS_VRT_0701	HYPESKULLS_VT_V_E	HYPESKULLS_VT_Z_C
HYPESKULLS_VRT_0086	HYPESKULLS_VT_R_EE	HYPESKULLS_VT_K_C
HYPESKULLS_VRT_0102	HYPESKULLS_VT_Z_EE	HYPESKULLS_VT_N_EE
HYPESKULLS_VRT_1321	HYPESKULLS_VT_K_C	HYPESKULLS_VT_AC_C
HYPESKULLS_VRT_0339	HYPESKULLS_VT_N_EE	HYPESKULLS_VT_AC_C
HYPESKULLS_VRT_0072	HYPESKULLS_VT_V_C	HYPESKULLS_VT_Z_E
HYPESKULLS_VRT_0453	HYPESKULLS_VT_N_E	HYPESKULLS_VT_K_C
HYPESKULLS_VRT_0835	HYPESKULLS_VT_R_EE	HYPESKULLS_VT_K_C
HYPESKULLS_VRT_0818	HYPESKULLS_VT_K_E	HYPESKULLS_VT_M_E
HYPESKULLS_VRT_1299	HYPESKULLS_VT_AC_EE	HYPESKULLS_VT_N_EE
HYPESKULLS_VRT_1234	HYPESKULLS_VT_P_E	HYPESKULLS_VT_P_EE
HYPESKULLS_VRT_0030	HYPESKULLS_VT_P_C	HYPESKULLS_VT_R_EE
HYPESKULLS_VRT_0502	HYPESKULLS_VT_P_EE	HYPESKULLS_VT_AC_EE
HYPESKULLS_VRT_1218	HYPESKULLS_VT_K_EE	HYPESKULLS_VT_AD_EE
HYPESKULLS_VRT_1449	HYPESKULLS_VT_R_EE	HYPESKULLS_VT_R_E
HYPESKULLS_VRT_0389	HYPESKULLS_VT_K_C	HYPESKULLS_VT_Z_C
HYPESKULLS_VRT_0886	HYPESKULLS_VT_Z_C	HYPESKULLS_VT_Z_C
HYPESKULLS_VRT_0861	HYPESKULLS_VT_G_E	HYPESKULLS_VT_M_EE
HYPESKULLS_VRT_0304	HYPESKULLS_VT_M_E	HYPESKULLS_VT_AC_C
HYPESKULLS_VRT_1180	HYPESKULLS_VT_Z_C	HYPESKULLS_VT_R_C
HYPESKULLS_VRT_1252	HYPESKULLS_VT_Z_E	HYPESKULLS_VT_AD_EE
HYPESKULLS_VRT_0711	HYPESKULLS_VT_AC_C	HYPESKULLS_VT_P_C
HYPESKULLS_VRT_0127	HYPESKULLS_VT_M_EE	HYPESKULLS_VT_V_EE
HYPESKULLS_VRT_0714	HYPESKULLS_VT_M_EE	HYPESKULLS_VT_AC_C
HYPESKULLS_VRT_0724	HYPESKULLS_VT_P_EE	HYPESKULLS_VT_M_EE
HYPESKULLS_VRT_0244	HYPESKULLS_VT_P_EE	HYPESKULLS_VT_R_C
HYPESKULLS_VRT_1264	HYPESKULLS_VT_Z_EE	HYPESKULLS_VT_P_C
HYPESKULLS_VRT_1484	HYPESKULLS_VT_P_C	HYPESKULLS_VT_V_EE
HYPESKULLS_VRT_0798	HYPESKULLS_VT_G_C	HYPESKULLS_VT_V_EE
HYPESKULLS_VRT_0976	HYPESKULLS_VT_AD_E	HYPESKULLS_VT_AD_E
HYPESKULLS_VRT_1074	HYPESKULLS_VT_P_C	HYPESKULLS_VT_V_E
HYPESKULLS_VRT_1034	HYPESKULLS_VT_N_EE	HYPESKULLS_VT_V_EE
HYPESKULLS_VRT_0517	HYPESKULLS_VT_AD_C	HYPESKULLS_VT_K_C
HYPESKULLS_VRT_1404	HYPESKULLS_VT_R_EE	HYPESKULLS_VT_AD_EE
HYPESKULLS_VRT_1195	HYPESKULLS_VT_R_E	HYPESKULLS_VT_AC_EE
HYPESKULLS_VRT_0906	HYPESKULLS_VT_Z_E	HYPESKULLS_VT_Z_C
HYPESKULLS_VRT_1479	HYPESKULLS_VT_P_EE	HYPESKULLS_VT_AC_C
HYPESKULLS_VRT_0879	HYPESKULLS_VT_P_E	HYPESKULLS_VT_AD_EE
HYPESKULLS_VRT_0640	HYPESKULLS_VT_M_EE	HYPESKULLS_VT_AD_E
HYPESKULLS_VRT_0059	HYPESKULLS_VT_V_E	HYPESKULLS_VT_P_E
HYPESKULLS_VRT_1390	HYPESKULLS_VT_AC_E	HYPESKULLS_VT_N_E
HYPESKULLS_VRT_1169	HYPESKULLS_VT_P_C	HYPESKULLS_VT_G_E
HYPESKULLS_VRT_1421	HYPESKULLS_VT_V_EE	HYPESKULLS_VT_N_C
HYPESKULLS_VRT_0419	HYPESKULLS_VT_V_EE	HYPESKULLS_VT_Z_EE
HYPESKULLS_VRT_0634	HYPESKULLS_VT_N_EE	HYPESKULLS_VT_G_EE
HYPESKULLS_VRT_0882	HYPESKULLS_VT_K_E	HYPESKULLS_VT_Z_E
HYPESKULLS_VRT_1092	HYPESKULLS_VT_R_E	HYPESKULLS_VT_AC_C
HYPESKULLS_VRT_0067	HYPESKULLS_VT_G_EE	HYPESKULLS_VT_AC_EE
HYPESKULLS_VRT_1143	HYPESKULLS_VT_V_E	HYPESKULLS_VT_P_EE
HYPESKULLS_VRT_0392	HYPESKULLS_VT_AD_E	HYPESKULLS_VT_V_C
HYPESKULLS_VRT_0731	HYPESKULLS_VT_Z_EE	HYPESKULLS_VT_Z_C
HYPESKULLS_VRT_0908	HYPESKULLS_VT_N_E	HYPESKULLS_VT_R_EE
HYPESKULLS_VRT_1393	HYPESKULLS_VT_N_C	HYPESKULLS_VT_G_EE
HYPESKULLS_VRT_0054	HYPESKULLS_VT_N_C	HYPESKULLS_VT_K_E
HYPESKULLS_VRT_1450	HYPESKULLS_VT_G_EE	HYPESKULLS_VT_M_E
HYPESKULLS_VRT_1429	HYPESKULLS_VT_G_C	HYPESKULLS_VT_G_EE
HYPESKULLS_VRT_0457	HYPESKULLS_VT_M_E	HYPESKULLS_VT_N_E
HYPESKULLS_VRT_0201	HYPESKULLS_VT_P_E	HYPESKULLS_VT_M_C
HYPESKULLS_VRT_0657	HYPESKULLS_VT_G_E	HYPESKULLS_VT_Z_EE
HYPESKULLS_VRT_0006	HYPESKULLS_VT_N_C	HYPESKULLS_VT_K_E
HYPESKULLS_VRT_0903	HYPESKULLS_VT_K_E	HYPESKULLS_VT_AD_C
HYPESKULLS_VRT_0170	HYPESKULLS_VT_Z_E	HYPESKULLS_VT_R_EE
HYPESKULLS_VRT_0177	HYPESKULLS_VT_N_E	HYPESKULLS_VT_V_E
HYPESKULLS_VRT_0933	HYPESKULLS_VT_P_E	HYPESKULLS_VT_N_EE
HYPESKULLS_VRT_0741	HYPESKULLS_VT_V_E	HYPESKULLS_VT_P_EE
HYPESKULLS_VRT_0661	HYPESKULLS_VT_AD_E	HYPESKULLS_VT_AD_C
HYPESKULLS_VRT_1013	HYPESKULLS_VT_AC_E	HYPESKULLS_VT_M_E
HYPESKULLS_VRT_0888	HYPESKULLS_VT_Z_C	HYPESKULLS_VT_P_E
HYPESKULLS_VRT_1060	HYPESKULLS_VT_Z_E	HYPESKULLS_VT_Z_EE
HYPESKULLS_VRT_0432	HYPESKULLS_VT_N_E	HYPESKULLS_VT_V_EE
HYPESKULLS_VRT_0617	HYPESKULLS_VT_G_EE	HYPESKULLS_VT_P_C
HYPESKULLS_VRT_0660	HYPESKULLS_VT_Z_C	HYPESKULLS_VT_V_E
HYPESKULLS_VRT_0867	HYPESKULLS_VT_M_EE	HYPESKULLS_VT_Z_EE
HYPESKULLS_VRT_0694	HYPESKULLS_VT_M_EE	HYPESKULLS_VT_K_E
HYPESKULLS_VRT_1320	HYPESKULLS_VT_AC_EE	HYPESKULLS_VT_P_EE
HYPESKULLS_VRT_1039	HYPESKULLS_VT_V_EE	HYPESKULLS_VT_Z_C
HYPESKULLS_VRT_0545	HYPESKULLS_VT_G_EE	HYPESKULLS_VT_M_EE
HYPESKULLS_VRT_0048	HYPESKULLS_VT_G_EE	HYPESKULLS_VT_M_EE
HYPESKULLS_VRT_0397	HYPESKULLS_VT_R_EE	HYPESKULLS_VT_K_C
HYPESKULLS_VRT_0403	HYPESKULLS_VT_P_E	HYPESKULLS_VT_K_C
HYPESKULLS_VRT_1308	HYPESKULLS_VT_AC_C	HYPESKULLS_VT_Z_C
HYPESKULLS_VRT_1230	HYPESKULLS_VT_M_E	HYPESKULLS_VT_V_E
HYPESKULLS_VRT_0447	HYPESKULLS_VT_AD_C	HYPESKULLS_VT_N_C
HYPESKULLS_VRT_1135	HYPESKULLS_VT_P_EE	HYPESKULLS_VT_V_E
HYPESKULLS_VRT_0441	HYPESKULLS_VT_V_EE	HYPESKULLS_VT_R_EE
HYPESKULLS_VRT_1054	HYPESKULLS_VT_V_EE	HYPESKULLS_VT_AC_C
HYPESKULLS_VRT_0924	HYPESKULLS_VT_G_E	HYPESKULLS_VT_G_EE
HYPESKULLS_VRT_0895	HYPESKULLS_VT_P_C	HYPESKULLS_VT_M_EE
HYPESKULLS_VRT_0864	HYPESKULLS_VT_K_E	HYPESKULLS_VT_K_C
HYPESKULLS_VRT_0185	HYPESKULLS_VT_V_E	HYPESKULLS_VT_AD_E
HYPESKULLS_VRT_0230	HYPESKULLS_VT_N_E	HYPESKULLS_VT_R_E
